text,mood,screen_hours,burnout_risk
failing exams. Need help.,High,11.45206273613389,91
future andhera hai. Koi rasta nahi.,High,11.946702718295686,80
sab kharab ho raha hai. Koi rasta nahi.,High,8.825556540728869,80
mental fatigue and future andhera hai.,High,9.72500658392686,89
exhausted and sab kharab ho raha hai.,High,9.034526445543383,85
too heavy and bardasht nahi ho raha.,High,8.523162056815881,90
mental fatigue. Feeling worthless.,High,9.48418619612714,99
extreme pressure and bohot bhojh hai.,High,8.512982313182944,99
failing exams. Feeling worthless.,High,11.143306007800344,88
burned out. Feeling worthless.,High,9.811267874023521,98
preshani bohot barh gayi. Koi rasta nahi.,High,10.4561983902994,100
failing exams. So tired.,High,10.111951005513516,87
extreme pressure and bohot mayoos hoon.,High,9.879171211896903,91
hopeless. Need help.,High,11.95960082627664,80
extreme pressure and thak gaya hoon.,High,9.557010923935376,84
bohot mayoos hoon. Allah help me.,High,11.697138554538228,97
burned out. So tired.,High,10.428704132647274,83
extreme pressure and preshani bohot barh gayi.,High,10.511643646332308,86
bardasht nahi ho raha. Koi rasta nahi.,High,8.206900010764118,80
crushed and future andhera hai.,High,10.594296433911815,81
bohot bhojh hai. Koi rasta nahi.,High,11.935013038326078,98
bohot mayoos hoon. Bohat mushkil hai.,High,11.290373647364891,81
exhausted. Need help.,High,8.370976443069802,95
too heavy and bohot mayoos hoon.,High,11.13508020808937,95
extreme pressure and bohot bhojh hai.,High,11.151224943428838,96
hopeless. So tired.,High,10.346004472204905,82
burned out and sab kharab ho raha hai.,High,8.758953945782023,88
exhausted. Feeling worthless.,High,9.451525810681726,87
bohot mayoos hoon. Koi rasta nahi.,High,10.520184836623075,80
too heavy. So tired.,High,8.63416234841669,84
too heavy. Feeling worthless.,High,8.659867461833466,84
failing exams. So tired.,High,11.761101173646399,84
crushed and tension bohot hai.,High,10.989899001813505,96
burned out. Need help.,High,10.388741546984798,92
bohot mayoos hoon. Allah help me.,High,9.987190566078622,91
depressed and bohot bhojh hai.,High,11.303528756331698,90
exhausted and sab kharab ho raha hai.,High,8.636635009029007,94
preshani bohot barh gayi. Koi rasta nahi.,High,8.35844309515599,85
too heavy. Feeling worthless.,High,8.883008135114975,84
hopeless and tension bohot hai.,High,8.497469694940802,100
too heavy. So tired.,High,8.949945638529053,80
burned out. Feeling worthless.,High,9.360617776296213,94
preshani bohot barh gayi. Bohat mushkil hai.,High,9.739644108398672,95
mental fatigue. Need help.,High,11.499573870089522,88
depressed. Feeling worthless.,High,8.661704553021972,97
bohot mayoos hoon. Allah help me.,High,11.80111361490394,94
too heavy and tension bohot hai.,High,10.999410797818818,88
hopeless. Feeling worthless.,High,9.663752073472258,80
failing exams and bohot mayoos hoon.,High,8.947459544756741,84
crushed and bohot mayoos hoon.,High,8.440390354657026,93
bohot mayoos hoon. Allah help me.,High,8.916374088385531,81
failing exams. Need help.,High,8.399469548061433,99
failing exams and sab kharab ho raha hai.,High,9.893962237213707,88
tension bohot hai. Bohat mushkil hai.,High,10.089624938701606,84
failing exams and tension bohot hai.,High,9.904731467139108,97
mental fatigue. Feeling worthless.,High,8.565516988886452,87
exhausted and bardasht nahi ho raha.,High,11.287659807524722,91
mental fatigue and bohot mayoos hoon.,High,9.600730709524036,92
failing exams and bardasht nahi ho raha.,High,9.214041785322902,85
tension bohot hai. Koi rasta nahi.,High,8.880833046541907,93
failing exams and sab kharab ho raha hai.,High,10.946663569611658,99
extreme pressure and bohot mayoos hoon.,High,10.947993686315533,82
future andhera hai. Koi rasta nahi.,High,11.819511749612001,92
mental fatigue and bohot bhojh hai.,High,9.668322555943412,83
depressed. Feeling worthless.,High,9.030465800728274,97
depressed. Feeling worthless.,High,10.645103415114985,99
tension bohot hai. Allah help me.,High,9.406567362667287,81
extreme pressure. Feeling worthless.,High,8.682312391864045,81
crushed and sab kharab ho raha hai.,High,8.966083036506696,86
dil nahi lag raha. Allah help me.,High,11.013157196930004,93
hopeless. Need help.,High,10.395769683555937,83
tension bohot hai. Bohat mushkil hai.,High,9.990302158158656,88
exhausted. So tired.,High,9.95057524260597,92
extreme pressure and tension bohot hai.,High,9.194512675684294,89
bohot mayoos hoon. Koi rasta nahi.,High,10.545184466033298,93
failing exams. Need help.,High,11.55096571265767,83
sab kharab ho raha hai. Koi rasta nahi.,High,11.581383111816475,91
extreme pressure. So tired.,High,8.128605161699417,84
tension bohot hai. Bohat mushkil hai.,High,8.463311887895639,81
depressed and preshani bohot barh gayi.,High,8.560010830329713,98
preshani bohot barh gayi. Allah help me.,High,10.832902744244079,95
failing exams and thak gaya hoon.,High,9.287831854885155,83
dil nahi lag raha. Koi rasta nahi.,High,8.258229985039616,81
too heavy. Feeling worthless.,High,10.984504411252463,85
extreme pressure and bohot bhojh hai.,High,10.662642522590893,95
dil nahi lag raha. Allah help me.,High,9.385847126500742,95
bohot bhojh hai. Bohat mushkil hai.,High,8.629713343351323,83
too heavy. So tired.,High,8.056937309395375,84
extreme pressure. Need help.,High,10.391968838469085,85
bohot bhojh hai. Allah help me.,High,11.012100331612544,83
extreme pressure. Feeling worthless.,High,8.767846437028602,100
failing exams. Need help.,High,8.074689767671227,89
burned out and tension bohot hai.,High,9.187220178792725,83
bohot mayoos hoon. Koi rasta nahi.,High,10.197688057669055,95
crushed. Feeling worthless.,High,11.849272669937287,100
depressed. Feeling worthless.,High,8.095349324396318,87
extreme pressure and thak gaya hoon.,High,9.059926866929212,93
crushed. Need help.,High,8.333112560602371,89
exhausted. So tired.,High,11.868477010156663,94
bardasht nahi ho raha. Bohat mushkil hai.,High,11.144151676236465,94
too heavy. Feeling worthless.,High,11.798684604255506,92
mental fatigue. Need help.,High,10.442714286765268,99
future andhera hai. Allah help me.,High,8.808370495123466,97
sab kharab ho raha hai. Koi rasta nahi.,High,11.589194306067375,91
bohot mayoos hoon. Bohat mushkil hai.,High,10.850297133430443,98
too heavy. Need help.,High,9.382474344798787,83
extreme pressure. So tired.,High,8.451484303302117,84
extreme pressure. Need help.,High,10.210664374446623,95
bardasht nahi ho raha. Koi rasta nahi.,High,8.499896830187136,94
burned out and thak gaya hoon.,High,9.097889126616929,100
hopeless and sab kharab ho raha hai.,High,9.175952735500186,81
dil nahi lag raha. Allah help me.,High,11.049855585880014,84
bohot bhojh hai. Allah help me.,High,8.161528739349727,89
thak gaya hoon. Bohat mushkil hai.,High,10.293492745187773,89
exhausted and bohot bhojh hai.,High,11.17148802217007,80
extreme pressure. So tired.,High,9.35841138309275,83
exhausted and future andhera hai.,High,11.964825994991426,93
burned out. Need help.,High,9.775480320783346,81
mental fatigue and sab kharab ho raha hai.,High,11.650349734705571,92
thak gaya hoon. Bohat mushkil hai.,High,11.901510019734037,93
mental fatigue and preshani bohot barh gayi.,High,9.006844935472566,87
preshani bohot barh gayi. Allah help me.,High,10.602550241005625,94
thak gaya hoon. Koi rasta nahi.,High,8.68780289510887,86
burned out and preshani bohot barh gayi.,High,8.649062305484412,81
bohot bhojh hai. Allah help me.,High,11.165726722191069,83
tension bohot hai. Koi rasta nahi.,High,8.866975442813755,97
too heavy and tension bohot hai.,High,10.776437168510416,99
burned out. Feeling worthless.,High,11.618333406621966,92
tension bohot hai. Koi rasta nahi.,High,9.506916683179035,89
thak gaya hoon. Allah help me.,High,8.446767081744106,93
burned out and sab kharab ho raha hai.,High,8.456828724247611,96
exhausted and bardasht nahi ho raha.,High,10.298235621151303,99
sab kharab ho raha hai. Koi rasta nahi.,High,10.08498170469469,88
tension bohot hai. Koi rasta nahi.,High,10.284592497143064,87
burned out and thak gaya hoon.,High,9.414296534655978,99
hopeless. So tired.,High,8.697873714703764,97
failing exams and bohot bhojh hai.,High,9.826848512032242,93
mental fatigue and dil nahi lag raha.,High,8.148867193152148,80
bohot bhojh hai. Koi rasta nahi.,High,11.743834831163475,99
too heavy and thak gaya hoon.,High,10.523337003712331,94
too heavy. So tired.,High,9.0675656981723,80
crushed. So tired.,High,10.293799431507693,82
sab kharab ho raha hai. Koi rasta nahi.,High,9.114100870436594,88
exhausted. So tired.,High,11.820219909391195,99
bohot bhojh hai. Bohat mushkil hai.,High,10.004435483950273,90
exhausted. So tired.,High,10.419975525375616,87
failing exams and preshani bohot barh gayi.,High,9.88854041659583,99
failing exams. So tired.,High,8.324902141365452,85
depressed. Feeling worthless.,High,9.751348374603513,82
extreme pressure and bardasht nahi ho raha.,High,11.334161983535354,87
failing exams. Need help.,High,10.655072141365842,82
depressed. So tired.,High,9.974452116918602,82
dil nahi lag raha. Bohat mushkil hai.,High,10.68649574014343,85
failing exams and dil nahi lag raha.,High,9.929993722259134,87
dil nahi lag raha. Bohat mushkil hai.,High,11.306397882775629,88
bohot mayoos hoon. Bohat mushkil hai.,High,11.703924208286324,84
tension bohot hai. Allah help me.,High,9.824258725680723,93
bohot mayoos hoon. Bohat mushkil hai.,High,11.448102937499804,86
mental fatigue. So tired.,High,9.340303770634508,82
depressed. Feeling worthless.,High,11.438683535028405,88
hopeless. Need help.,High,10.898323638635352,83
dil nahi lag raha. Koi rasta nahi.,High,9.646350583741253,91
thak gaya hoon. Bohat mushkil hai.,High,10.863064934652273,85
preshani bohot barh gayi. Bohat mushkil hai.,High,9.306733172056203,95
tension bohot hai. Koi rasta nahi.,High,8.7341345599755,80
crushed and bohot mayoos hoon.,High,10.207135655337826,80
crushed and preshani bohot barh gayi.,High,11.023938920872608,95
failing exams. Feeling worthless.,High,10.13099739751144,94
sab kharab ho raha hai. Koi rasta nahi.,High,10.760048405246227,83
tension bohot hai. Koi rasta nahi.,High,8.550492870478353,91
dil nahi lag raha. Koi rasta nahi.,High,8.067254888909101,99
failing exams and tension bohot hai.,High,9.710732382049791,81
burned out. So tired.,High,11.245135476046753,96
mental fatigue. Feeling worthless.,High,9.114571377087017,93
exhausted and tension bohot hai.,High,11.501588117331739,88
hopeless. Need help.,High,11.018160621998721,99
failing exams. So tired.,High,9.85803904210972,89
bohot bhojh hai. Bohat mushkil hai.,High,9.713397212529811,94
mental fatigue and dil nahi lag raha.,High,11.863871847400139,86
too heavy and tension bohot hai.,High,8.827669084005649,87
mental fatigue and bohot bhojh hai.,High,11.652390608465861,89
hopeless and sab kharab ho raha hai.,High,8.362623944511249,86
extreme pressure and future andhera hai.,High,9.261612079126781,89
burned out and preshani bohot barh gayi.,High,10.961876005026012,83
failing exams. Need help.,High,8.278546305005245,100
too heavy. Need help.,High,8.862176740703957,95
bardasht nahi ho raha. Koi rasta nahi.,High,10.750342241516869,88
hopeless and tension bohot hai.,High,9.102448174015315,86
hopeless and preshani bohot barh gayi.,High,8.698737379346856,100
bohot bhojh hai. Bohat mushkil hai.,High,8.241183024763657,88
crushed and thak gaya hoon.,High,10.389626290965015,86
bohot bhojh hai. Allah help me.,High,8.210477163264295,83
crushed. Feeling worthless.,High,8.510037188581887,80
dil nahi lag raha. Bohat mushkil hai.,High,9.831547843397392,81
depressed and dil nahi lag raha.,High,9.995908999838443,87
hopeless and thak gaya hoon.,High,10.22313838417925,82
bohot bhojh hai. Bohat mushkil hai.,High,11.696452142750843,83
future andhera hai. Allah help me.,High,10.323730136055927,90
hopeless and sab kharab ho raha hai.,High,11.723010206687203,90
burned out. Need help.,High,9.192087742705692,90
future andhera hai. Allah help me.,High,11.964858464832867,84
too heavy and dil nahi lag raha.,High,10.8312577592278,89
mental fatigue and tension bohot hai.,High,10.171249859254361,86
extreme pressure and future andhera hai.,High,9.607306768075404,82
failing exams and tension bohot hai.,High,11.113168521095105,93
tension bohot hai. Koi rasta nahi.,High,9.748823554804043,99
thak gaya hoon. Koi rasta nahi.,High,9.412084671475233,94
mental fatigue. So tired.,High,11.156958348227501,94
exhausted. Feeling worthless.,High,8.268752409976386,93
hopeless and sab kharab ho raha hai.,High,11.675348230508273,81
burned out and bohot mayoos hoon.,High,11.68054097668219,87
crushed and future andhera hai.,High,11.341924060058865,96
failing exams. So tired.,High,9.858120690051628,97
crushed and future andhera hai.,High,8.356550217413618,89
thak gaya hoon. Bohat mushkil hai.,High,10.82439299708598,92
depressed. Need help.,High,11.01251647492623,91
burned out and dil nahi lag raha.,High,9.367984417956725,80
burned out and future andhera hai.,High,8.73944189844649,90
hopeless and sab kharab ho raha hai.,High,10.448734743334924,83
crushed. Feeling worthless.,High,9.846936078836173,93
tension bohot hai. Bohat mushkil hai.,High,8.548467935004583,81
bohot bhojh hai. Allah help me.,High,9.713196996431295,88
thak gaya hoon. Koi rasta nahi.,High,8.051435591340775,82
bohot bhojh hai. Bohat mushkil hai.,High,11.609845769128652,97
burned out and dil nahi lag raha.,High,9.739715230445201,80
exhausted and bohot mayoos hoon.,High,10.962224342734714,100
depressed and bohot bhojh hai.,High,8.065416702417991,82
burned out. So tired.,High,10.438795955054413,95
burned out and bohot bhojh hai.,High,10.899753457800815,94
exhausted. So tired.,High,8.61023144533882,86
bardasht nahi ho raha. Bohat mushkil hai.,High,11.40964112372951,90
bohot mayoos hoon. Allah help me.,High,8.150970862169043,98
hopeless. So tired.,High,9.385085511842151,96
mental fatigue and bohot bhojh hai.,High,10.103679800454234,84
extreme pressure. Feeling worthless.,High,8.269084409888137,85
depressed and thak gaya hoon.,High,8.420081131584174,92
exhausted. Feeling worthless.,High,9.00428999880491,86
failing exams. Need help.,High,9.108752951391375,90
failing exams and bardasht nahi ho raha.,High,8.751789581029238,92
too heavy. So tired.,High,8.88423726367716,89
tension bohot hai. Bohat mushkil hai.,High,9.9313524534417,86
hopeless and tension bohot hai.,High,10.798264687612406,83
hopeless. So tired.,High,8.502570126708495,88
failing exams. Feeling worthless.,High,10.337119818783975,97
exhausted. Feeling worthless.,High,8.279651782357895,80
too heavy and bardasht nahi ho raha.,High,10.712411490955207,84
burned out. Need help.,High,9.20639245593587,92
tension bohot hai. Koi rasta nahi.,High,10.160245745906106,96
crushed and bohot bhojh hai.,High,10.707248089208715,94
burned out. Need help.,High,8.116312681091616,96
mental fatigue. So tired.,High,9.34707025220224,95
depressed. So tired.,High,11.723830630665308,100
hopeless. Need help.,High,9.255898275997971,89
tension bohot hai. Bohat mushkil hai.,High,11.239621909127594,100
crushed. So tired.,High,9.451091653121303,84
exhausted. Need help.,High,10.275525417297168,87
failing exams and bohot bhojh hai.,High,10.445896363102793,99
burned out. Need help.,High,10.979838594773971,90
crushed and future andhera hai.,High,11.684187733835214,100
failing exams. So tired.,High,11.345146140849408,86
depressed. Feeling worthless.,High,8.962567089827179,95
dil nahi lag raha. Allah help me.,High,11.312460700706225,97
depressed and future andhera hai.,High,11.616469282653684,97
failing exams. Feeling worthless.,High,10.280687011816873,91
sab kharab ho raha hai. Koi rasta nahi.,High,10.776606870160323,93
hopeless. So tired.,High,10.543892346168002,93
bohot mayoos hoon. Bohat mushkil hai.,High,9.866313662364787,82
extreme pressure and bardasht nahi ho raha.,High,11.798670227982935,97
preshani bohot barh gayi. Bohat mushkil hai.,High,8.497456835866029,87
thak gaya hoon. Koi rasta nahi.,High,8.40698871335904,85
thak gaya hoon. Allah help me.,High,10.519352391012875,82
too heavy. Need help.,High,11.165260144053496,100
burned out. Need help.,High,11.196274073161044,83
hopeless and thak gaya hoon.,High,11.339545799873202,92
too heavy and dil nahi lag raha.,High,9.573329635250362,99
failing exams and bardasht nahi ho raha.,High,8.165833499020597,100
too heavy. Feeling worthless.,High,10.930736087657372,94
sab kharab ho raha hai. Allah help me.,High,11.564875667922372,91
too heavy and dil nahi lag raha.,High,11.635035187689144,91
failing exams. Need help.,High,11.494509245246002,100
bohot bhojh hai. Allah help me.,High,11.542265231224407,94
burned out and bohot mayoos hoon.,High,9.482670157660268,90
burned out and future andhera hai.,High,8.670092559839322,98
hopeless and bohot bhojh hai.,High,8.436246510580723,88
bohot bhojh hai. Bohat mushkil hai.,High,11.643996098194727,100
future andhera hai. Allah help me.,High,8.305298842218253,82
crushed. So tired.,High,10.327676612319403,95
hopeless and future andhera hai.,High,10.921225573984982,83
sab kharab ho raha hai. Allah help me.,High,11.781709806241494,80
burned out. So tired.,High,11.12015179239207,100
depressed and tension bohot hai.,High,11.803217855278596,93
exhausted and bardasht nahi ho raha.,High,9.28082541038951,89
failing exams. Need help.,High,9.264104001006027,83
failing exams and tension bohot hai.,High,9.562993745961643,90
depressed and bohot bhojh hai.,High,8.75271623956497,87
extreme pressure. So tired.,High,11.481643960427748,85
extreme pressure. Need help.,High,11.822466004064205,98
bohot mayoos hoon. Koi rasta nahi.,High,10.395608331980878,85
too heavy. Feeling worthless.,High,9.473365056379238,82
dil nahi lag raha. Allah help me.,High,10.374596648435489,97
bohot mayoos hoon. Bohat mushkil hai.,High,10.063359524306485,80
bohot bhojh hai. Allah help me.,High,11.496664041282703,98
too heavy. Need help.,High,9.66511715152439,85
mental fatigue and dil nahi lag raha.,High,8.107404313967294,81
bardasht nahi ho raha. Koi rasta nahi.,High,11.206445517963257,80
mental fatigue. So tired.,High,10.84416637848304,99
sab kharab ho raha hai. Bohat mushkil hai.,High,8.237016587162701,91
thak gaya hoon. Bohat mushkil hai.,High,11.16932700954919,93
depressed. So tired.,High,8.297267794389578,89
crushed and preshani bohot barh gayi.,High,11.504072584829366,80
too heavy and thak gaya hoon.,High,9.52594973487549,92
too heavy. So tired.,High,11.89126192576532,97
mental fatigue. Need help.,High,11.367740264502567,86
bardasht nahi ho raha. Allah help me.,High,9.716740685964686,99
crushed. Need help.,High,11.207108265634357,98
extreme pressure and preshani bohot barh gayi.,High,9.425063920232645,89
crushed and sab kharab ho raha hai.,High,11.340347683213333,82
extreme pressure. So tired.,High,11.196316913098421,90
depressed. Need help.,High,8.98207084491903,87
burned out. So tired.,High,8.878357862115205,98
crushed. Need help.,High,8.68942283047501,82
failing exams and preshani bohot barh gayi.,High,9.715056541950325,86
bohot mayoos hoon. Bohat mushkil hai.,High,10.301676024233238,100
crushed. Need help.,High,11.798730037999576,88
crushed. So tired.,High,10.975615760929898,91
future andhera hai. Bohat mushkil hai.,High,10.503038383663917,97
bohot mayoos hoon. Allah help me.,High,10.719707893892815,90
depressed. So tired.,High,11.663825334297163,88
tension bohot hai. Allah help me.,High,8.476975413775556,89
dil nahi lag raha. Koi rasta nahi.,High,8.076218777132203,89
tension bohot hai. Allah help me.,High,11.527679313208413,89
bohot mayoos hoon. Koi rasta nahi.,High,9.834832953875114,89
bohot bhojh hai. Allah help me.,High,10.5506924675695,85
too heavy. Need help.,High,11.66920494186369,82
bohot bhojh hai. Allah help me.,High,11.909642167228299,85
hopeless. So tired.,High,10.10273685754297,91
hopeless. So tired.,High,11.442961795588186,90
sab kharab ho raha hai. Bohat mushkil hai.,High,8.092233488000883,94
crushed. Feeling worthless.,High,9.744750721972807,91
crushed and bohot mayoos hoon.,High,10.553827737830037,99
future andhera hai. Koi rasta nahi.,High,11.702307706862438,87
exhausted and dil nahi lag raha.,High,11.308043264453458,90
hopeless. Feeling worthless.,High,10.555696342033942,96
bardasht nahi ho raha. Koi rasta nahi.,High,8.50678451674084,84
tension bohot hai. Bohat mushkil hai.,High,11.432414986441037,94
too heavy. So tired.,High,10.548841995954554,87
thak gaya hoon. Allah help me.,High,11.09877032712834,80
too heavy and sab kharab ho raha hai.,High,8.5100379988295,88
sab kharab ho raha hai. Bohat mushkil hai.,High,9.17138389824429,83
mental fatigue and dil nahi lag raha.,High,11.32813067781417,91
sab kharab ho raha hai. Koi rasta nahi.,High,10.423738187448775,84
crushed and dil nahi lag raha.,High,10.496210651769541,95
hopeless. Need help.,High,10.058873678813189,83
extreme pressure and tension bohot hai.,High,9.296239600549322,100
crushed. So tired.,High,8.86118138626945,96
hopeless. Feeling worthless.,High,8.666898568310202,81
depressed and future andhera hai.,High,8.5234062577348,88
bardasht nahi ho raha. Allah help me.,High,9.78815818725018,91
hopeless. Need help.,High,10.908443565263223,93
crushed and bardasht nahi ho raha.,High,10.625784311795005,90
sab kharab ho raha hai. Allah help me.,High,11.894784527743493,83
exhausted and dil nahi lag raha.,High,8.91727154710101,85
depressed. So tired.,High,10.919059484529004,80
burned out. Need help.,High,8.579384965905819,90
future andhera hai. Koi rasta nahi.,High,8.945339071861074,95
hopeless. Need help.,High,11.598545727101655,92
mental fatigue. Need help.,High,8.479792621969892,82
bohot bhojh hai. Bohat mushkil hai.,High,8.22609746786037,85
depressed. So tired.,High,11.435012979682798,91
failing exams and bohot bhojh hai.,High,8.771446898809097,84
preshani bohot barh gayi. Allah help me.,High,10.482265661011432,80
bohot mayoos hoon. Koi rasta nahi.,High,10.842932120930795,93
sab kharab ho raha hai. Bohat mushkil hai.,High,8.22871905074437,96
depressed. So tired.,High,9.418737865082324,91
too heavy. Feeling worthless.,High,8.413015883285627,97
dil nahi lag raha. Koi rasta nahi.,High,11.402491125553627,96
bardasht nahi ho raha. Allah help me.,High,11.191626069375022,87
too heavy. Need help.,High,11.900505490647902,80
mental fatigue. Feeling worthless.,High,10.367081532933376,92
mental fatigue and sab kharab ho raha hai.,High,8.30510115996019,93
burned out. Feeling worthless.,High,8.376317624910076,85
bohot bhojh hai. Koi rasta nahi.,High,8.424914643597191,91
exhausted and bohot mayoos hoon.,High,8.339514582497543,89
burned out and dil nahi lag raha.,High,10.879667139185706,83
preshani bohot barh gayi. Allah help me.,High,11.262908289202024,88
bohot bhojh hai. Bohat mushkil hai.,High,9.700013643831893,84
bardasht nahi ho raha. Koi rasta nahi.,High,8.103690326386271,93
hopeless and bohot mayoos hoon.,High,11.87067580631759,80
hopeless and thak gaya hoon.,High,10.606137394015775,97
exhausted. Need help.,High,10.974246665504259,100
crushed. Feeling worthless.,High,8.498684011825162,80
crushed. Need help.,High,10.70762607620643,96
burned out and sab kharab ho raha hai.,High,9.917166272367599,84
too heavy and dil nahi lag raha.,High,11.546099002323878,80
sab kharab ho raha hai. Allah help me.,High,8.541345671523134,85
depressed. Need help.,High,10.688366385916233,100
crushed. Need help.,High,11.039261614678837,91
hopeless and bardasht nahi ho raha.,High,9.367553143289385,99
extreme pressure and sab kharab ho raha hai.,High,9.800370397355033,96
extreme pressure. So tired.,High,11.15597762145908,88
failing exams and sab kharab ho raha hai.,High,10.151812966882297,98
thak gaya hoon. Allah help me.,High,8.4657806359533,90
dil nahi lag raha. Bohat mushkil hai.,High,11.164256426308334,83
future andhera hai. Allah help me.,High,10.65632347509041,81
hopeless. Need help.,High,8.933412135320477,99
exhausted and preshani bohot barh gayi.,High,11.5539697025025,96
burned out and future andhera hai.,High,8.267941088906717,83
extreme pressure. Need help.,High,8.087472676755022,93
tension bohot hai. Allah help me.,High,9.968123687311095,94
bohot mayoos hoon. Bohat mushkil hai.,High,11.219588560974666,87
hopeless. So tired.,High,10.346690070268247,100
tension bohot hai. Koi rasta nahi.,High,10.374880034291081,91
bohot bhojh hai. Bohat mushkil hai.,High,10.217052183113411,99
tension bohot hai. Koi rasta nahi.,High,11.386308340588839,83
exhausted and bohot mayoos hoon.,High,11.906901731485462,84
failing exams. Feeling worthless.,High,8.594363447202742,100
crushed and preshani bohot barh gayi.,High,11.709281977058101,85
tension bohot hai. Bohat mushkil hai.,High,10.963315968974788,91
crushed. Feeling worthless.,High,11.984686802258587,98
exhausted and bohot bhojh hai.,High,11.41021459169334,86
burned out. Need help.,High,9.512679282514451,91
too heavy and bohot mayoos hoon.,High,9.084561679249425,80
bohot bhojh hai. Bohat mushkil hai.,High,10.464122923157742,94
burned out. So tired.,High,10.730688881710133,88
too heavy. So tired.,High,11.564631261251225,92
tension bohot hai. Koi rasta nahi.,High,9.973062273233392,100
failing exams and bardasht nahi ho raha.,High,11.981219802058845,100
depressed. Need help.,High,9.561032012385795,99
burned out. Feeling worthless.,High,8.330545791263404,81
exhausted. Need help.,High,9.111386508567094,82
hopeless. Need help.,High,9.974321282974254,83
crushed and future andhera hai.,High,9.942148562467974,87
mental fatigue. Feeling worthless.,High,11.272127713919382,95
preshani bohot barh gayi. Bohat mushkil hai.,High,9.734261849194322,81
tension bohot hai. Koi rasta nahi.,High,11.392561112963648,96
exhausted and sab kharab ho raha hai.,High,10.254917008787013,99
bohot bhojh hai. Bohat mushkil hai.,High,8.909644557196753,85
hopeless. Need help.,High,10.576893869285803,92
extreme pressure and sab kharab ho raha hai.,High,10.790047195853587,88
burned out. So tired.,High,11.292736459811096,96
mental fatigue and bardasht nahi ho raha.,High,9.947090575906731,100
too heavy and tension bohot hai.,High,8.581635517364248,80
tension bohot hai. Koi rasta nahi.,High,8.415951188580149,89
burned out and preshani bohot barh gayi.,High,8.408059327918693,91
failing exams and bohot mayoos hoon.,High,9.66701589670571,90
crushed. So tired.,High,8.08334077171111,99
too heavy. Feeling worthless.,High,8.886797591028778,85
extreme pressure and sab kharab ho raha hai.,High,8.348761549972561,83
dil nahi lag raha. Allah help me.,High,8.514839094617294,90
sab kharab ho raha hai. Koi rasta nahi.,High,8.81411569630993,87
future andhera hai. Bohat mushkil hai.,High,8.120160966450786,80
burned out. So tired.,High,9.920748848406532,85
depressed and bohot bhojh hai.,High,10.601344064645057,99
bohot mayoos hoon. Bohat mushkil hai.,High,8.798483967615862,99
mental fatigue. So tired.,High,8.306329240176396,92
exhausted. Need help.,High,11.861511860296886,96
hopeless. So tired.,High,10.946366683131895,95
burned out and bohot bhojh hai.,High,8.261315701241069,91
future andhera hai. Koi rasta nahi.,High,8.845355200098293,82
dil nahi lag raha. Allah help me.,High,9.146772426172184,97
preshani bohot barh gayi. Bohat mushkil hai.,High,11.343974463995929,91
bardasht nahi ho raha. Allah help me.,High,11.020411052264965,81
failing exams and bohot bhojh hai.,High,9.757679817557735,93
bardasht nahi ho raha. Allah help me.,High,8.827283188829727,85
bohot mayoos hoon. Allah help me.,High,11.41789908736019,86
exhausted. Feeling worthless.,High,9.884822542598434,99
thak gaya hoon. Koi rasta nahi.,High,10.83959364801191,89
future andhera hai. Bohat mushkil hai.,High,11.789461228974682,89
sab kharab ho raha hai. Bohat mushkil hai.,High,11.619011203379966,81
bohot mayoos hoon. Allah help me.,High,9.478563646647888,97
hopeless. Feeling worthless.,High,9.075830268884843,82
tension bohot hai. Allah help me.,High,10.1168986815386,80
too heavy. Need help.,High,11.123958781457532,93
exhausted and tension bohot hai.,High,10.925298352136341,95
failing exams. Feeling worthless.,High,8.02828778344011,82
too heavy and bohot mayoos hoon.,High,8.518992549746574,97
thak gaya hoon. Bohat mushkil hai.,High,9.92996096222926,95
crushed and thak gaya hoon.,High,11.29998396028793,100
too heavy. Feeling worthless.,High,11.39103681843319,99
extreme pressure and sab kharab ho raha hai.,High,10.520146672344822,95
crushed. Feeling worthless.,High,11.169446183356854,93
exhausted and future andhera hai.,High,11.724109361761577,83
crushed. Feeling worthless.,High,8.321950601025137,92
failing exams and bohot bhojh hai.,High,10.216888367756832,91
hopeless. Need help.,High,9.801172423552249,89
hopeless. Feeling worthless.,High,10.401802772429598,98
mental fatigue and future andhera hai.,High,8.274016036091705,98
extreme pressure. Need help.,High,11.916805511282336,93
burned out. So tired.,High,11.858676632385755,87
preshani bohot barh gayi. Koi rasta nahi.,High,10.741791335108328,80
too heavy and preshani bohot barh gayi.,High,8.994094939317238,98
bohot bhojh hai. Koi rasta nahi.,High,11.672112292696179,80
sab kharab ho raha hai. Koi rasta nahi.,High,8.309637502044112,85
sab kharab ho raha hai. Allah help me.,High,10.505500105226066,90
crushed and tension bohot hai.,High,9.7657710519027,85
depressed and future andhera hai.,High,10.904151225188436,99
hopeless and dil nahi lag raha.,High,11.275064458128346,98
bohot mayoos hoon. Allah help me.,High,9.917611332198874,99
burned out. Need help.,High,9.443414834360631,93
preshani bohot barh gayi. Koi rasta nahi.,High,11.003593757896088,92
preshan hoon kuxh baaton se. Phone kam use krna hai.,Medium,5.363666673469228,45
scrolling habits aur preshan hoon kuxh baaton se.,Medium,7.8651927415411045,44
routine kharab hai. Phone kam use krna hai.,Medium,4.59578899019297,41
routine is bad aur parhai ka bohot bhojh hai.,Medium,6.722305157003671,58
worried aur routine kharab hai.,Medium,7.380639796772101,64
so nahi pa raha sahi se. Behtar ho sakta hai.,Medium,6.171452734823925,45
guilty about phone aur preshan hoon kuxh baaton se.,Medium,6.279538854811487,40
work study balance. Need to focus.,Medium,7.777961001837319,53
guilty about phone. Slightly better.,Medium,7.7042110404136785,69
work study balance. Need to focus.,Medium,7.727316995809641,44
preshan hoon kuxh baaton se. Phone kam use krna hai.,Medium,7.039331342767564,61
tired today. Phone problem.,Medium,6.137087145099727,61
tired today aur thora stress ho raha hai.,Medium,7.670767171702972,41
phone bohot use kiya. Behtar ho sakta hai.,Medium,4.532720935426481,67
worried. Phone problem.,Medium,6.798324560382363,64
tired today aur routine kharab hai.,Medium,4.378422948040473,47
phone bohot use kiya. Phone kam use krna hai.,Medium,6.882490196381922,74
so nahi pa raha sahi se. Thora stress hai.,Medium,7.587492074920747,44
routine is bad aur routine kharab hai.,Medium,5.868078890224687,42
guilty about phone aur so nahi pa raha sahi se.,Medium,4.90815581590687,45
lazy aur phone bohot use kiya.,Medium,6.0323696800477045,65
aaj ka din theek tha. Phone kam use krna hai.,Medium,6.131586333828448,73
study stress. Need to focus.,Medium,4.964607931412282,42
routine kharab hai. Behtar ho sakta hai.,Medium,5.413477612467464,65
parhai ka bohot bhojh hai. Phone kam use krna hai.,Medium,4.827168909093411,56
study stress aur parhai ka bohot bhojh hai.,Medium,7.975238415590205,68
scrolling habits. Need to focus.,Medium,4.819757460571925,70
scrolling habits. Slightly better.,Medium,5.957565010397325,70
work study balance aur preshan hoon kuxh baaton se.,Medium,5.974916951185304,47
so nahi pa raha sahi se. Phone kam use krna hai.,Medium,4.755569882219811,71
thora stress ho raha hai. Behtar ho sakta hai.,Medium,6.609708327316496,74
worried. Phone problem.,Medium,7.981804766430132,50
aaj ka din theek tha. Phone kam use krna hai.,Medium,6.693910235797407,51
scrolling habits. Need to focus.,Medium,4.460636442687169,43
aaj ka din theek tha. Thora stress hai.,Medium,7.1695503477991664,45
study stress. Slightly better.,Medium,5.98760546605593,51
lazy aur parhai ka bohot bhojh hai.,Medium,6.444303474933141,48
thora stress ho raha hai. Phone kam use krna hai.,Medium,7.7667607705637325,66
phone bohot use kiya. Thora stress hai.,Medium,6.414242620240708,44
routine kharab hai. Behtar ho sakta hai.,Medium,5.932172894593248,61
parhai ka bohot bhojh hai. Phone kam use krna hai.,Medium,5.637014394693546,56
scrolling habits. Need to focus.,Medium,4.290030919224913,68
routine is bad aur preshan hoon kuxh baaton se.,Medium,4.366872652877828,47
lazy aur preshan hoon kuxh baaton se.,Medium,7.068178086832472,53
so nahi pa raha sahi se. Thora stress hai.,Medium,6.767957780052349,58
worried aur aaj ka din theek tha.,Medium,7.213768082958127,51
tired today. Need to focus.,Medium,4.385749753376869,68
routine is bad. Phone problem.,Medium,6.796431095489133,55
preshan hoon kuxh baaton se. Thora stress hai.,Medium,5.190830975550388,67
lazy. Need to focus.,Medium,7.3855548154003845,56
worried aur preshan hoon kuxh baaton se.,Medium,5.852166789667485,65
study stress. Phone problem.,Medium,5.241284869628034,48
study stress aur preshan hoon kuxh baaton se.,Medium,5.461051481003487,42
tired today aur phone bohot use kiya.,Medium,5.951936697027156,75
guilty about phone aur routine kharab hai.,Medium,5.087873956823467,46
so nahi pa raha sahi se. Phone kam use krna hai.,Medium,6.473651908287753,74
routine is bad aur parhai ka bohot bhojh hai.,Medium,7.04326138434924,64
tired today. Slightly better.,Medium,5.446810948376564,70
worried. Need to focus.,Medium,7.521813152441281,46
work study balance aur thora stress ho raha hai.,Medium,6.340040800011339,71
routine is bad aur routine kharab hai.,Medium,4.43015334175778,72
worried. Phone problem.,Medium,7.621719704679122,47
tired today. Phone problem.,Medium,7.233040652957339,61
routine kharab hai. Phone kam use krna hai.,Medium,5.445256128532737,50
thora stress ho raha hai. Phone kam use krna hai.,Medium,6.460954316480503,65
so nahi pa raha sahi se. Thora stress hai.,Medium,6.151693486314569,42
so nahi pa raha sahi se. Behtar ho sakta hai.,Medium,4.995164119327632,72
guilty about phone. Phone problem.,Medium,4.879050543899611,59
work study balance. Slightly better.,Medium,6.70095037650761,69
aaj ka din theek tha. Thora stress hai.,Medium,7.732209174664165,70
worried aur thora stress ho raha hai.,Medium,4.856064756221973,58
tired today. Need to focus.,Medium,5.976205217454199,66
routine is bad aur preshan hoon kuxh baaton se.,Medium,6.788513699190123,73
so nahi pa raha sahi se. Behtar ho sakta hai.,Medium,5.839130751464754,68
worried. Need to focus.,Medium,7.320508764113567,40
lazy. Need to focus.,Medium,4.887269324499478,73
parhai ka bohot bhojh hai. Behtar ho sakta hai.,Medium,6.701607724076796,66
aaj ka din theek tha. Phone kam use krna hai.,Medium,5.584975234224032,54
worried aur preshan hoon kuxh baaton se.,Medium,5.33094277241789,59
worried. Slightly better.,Medium,6.734158724292895,68
tired today aur routine kharab hai.,Medium,7.478130502149466,75
study stress. Phone problem.,Medium,4.858597304320002,66
aaj ka din theek tha. Phone kam use krna hai.,Medium,5.473567376729059,60
parhai ka bohot bhojh hai. Phone kam use krna hai.,Medium,7.036316391900301,40
thora stress ho raha hai. Behtar ho sakta hai.,Medium,6.560501798507462,42
worried aur parhai ka bohot bhojh hai.,Medium,5.33883276787495,72
lazy. Phone problem.,Medium,7.728019496579802,74
parhai ka bohot bhojh hai. Thora stress hai.,Medium,4.3076327234158,41
tired today. Phone problem.,Medium,4.62959155280649,69
phone bohot use kiya. Thora stress hai.,Medium,6.718641132029674,63
routine is bad aur thora stress ho raha hai.,Medium,4.118375173405868,42
scrolling habits aur aaj ka din theek tha.,Medium,6.454495361092944,44
work study balance aur phone bohot use kiya.,Medium,6.15403421757744,51
aaj ka din theek tha. Thora stress hai.,Medium,6.442200855873304,46
study stress. Need to focus.,Medium,4.938220960920031,58
study stress aur phone bohot use kiya.,Medium,5.448394513650147,67
routine kharab hai. Behtar ho sakta hai.,Medium,6.919339198811918,61
guilty about phone aur thora stress ho raha hai.,Medium,6.98389580933863,47
aaj ka din theek tha. Thora stress hai.,Medium,7.352398182457069,42
lazy. Slightly better.,Medium,5.702735336949776,48
routine is bad aur thora stress ho raha hai.,Medium,7.746133899690722,62
work study balance aur aaj ka din theek tha.,Medium,4.826553303945539,64
worried aur phone bohot use kiya.,Medium,5.112884154773981,75
lazy aur phone bohot use kiya.,Medium,4.896061313161955,51
guilty about phone aur preshan hoon kuxh baaton se.,Medium,4.689407495409017,68
aaj ka din theek tha. Phone kam use krna hai.,Medium,7.165366112388275,54
tired today aur aaj ka din theek tha.,Medium,4.180278921947652,50
routine kharab hai. Thora stress hai.,Medium,4.9143163354008195,53
so nahi pa raha sahi se. Thora stress hai.,Medium,7.317766766034564,46
tired today aur so nahi pa raha sahi se.,Medium,6.555167868354342,69
lazy. Slightly better.,Medium,7.432842559374606,63
aaj ka din theek tha. Behtar ho sakta hai.,Medium,7.887497610720544,66
worried aur thora stress ho raha hai.,Medium,5.696934506137113,64
routine is bad aur phone bohot use kiya.,Medium,6.651777451158312,62
routine is bad aur preshan hoon kuxh baaton se.,Medium,5.1599629834523935,52
routine is bad aur routine kharab hai.,Medium,5.547258210920413,61
worried. Slightly better.,Medium,4.819526623686566,41
parhai ka bohot bhojh hai. Phone kam use krna hai.,Medium,7.222179936161029,58
aaj ka din theek tha. Thora stress hai.,Medium,4.328995739939882,51
routine is bad aur routine kharab hai.,Medium,4.754517565493003,42
study stress aur preshan hoon kuxh baaton se.,Medium,6.688423303241029,42
phone bohot use kiya. Behtar ho sakta hai.,Medium,6.592702676645612,58
routine kharab hai. Thora stress hai.,Medium,4.000335949846573,69
routine is bad. Phone problem.,Medium,5.181827363448743,59
scrolling habits aur so nahi pa raha sahi se.,Medium,6.546514941158177,55
work study balance aur aaj ka din theek tha.,Medium,6.8973754166207035,58
parhai ka bohot bhojh hai. Behtar ho sakta hai.,Medium,7.1416656794439,66
thora stress ho raha hai. Behtar ho sakta hai.,Medium,5.9479416398910345,50
tired today. Need to focus.,Medium,6.126397626191289,55
tired today. Phone problem.,Medium,4.224376542127269,50
lazy. Phone problem.,Medium,4.073990841592093,45
preshan hoon kuxh baaton se. Behtar ho sakta hai.,Medium,7.818878339545556,67
study stress. Need to focus.,Medium,4.4404721636737285,41
scrolling habits aur thora stress ho raha hai.,Medium,4.99936343489549,68
routine kharab hai. Phone kam use krna hai.,Medium,4.76700001562447,52
aaj ka din theek tha. Behtar ho sakta hai.,Medium,7.582024633859904,68
routine is bad aur parhai ka bohot bhojh hai.,Medium,6.768578406967499,51
routine is bad. Need to focus.,Medium,6.699261876881719,48
study stress aur preshan hoon kuxh baaton se.,Medium,6.12487501595351,68
aaj ka din theek tha. Thora stress hai.,Medium,4.343622555937605,59
lazy. Need to focus.,Medium,4.090320170225175,58
guilty about phone. Slightly better.,Medium,7.092887210127734,41
routine kharab hai. Phone kam use krna hai.,Medium,4.828687140550107,62
work study balance. Phone problem.,Medium,5.2674464084561645,67
routine is bad aur phone bohot use kiya.,Medium,7.9695473537703005,66
guilty about phone aur aaj ka din theek tha.,Medium,6.82304547669786,51
study stress aur so nahi pa raha sahi se.,Medium,4.409669101883514,56
so nahi pa raha sahi se. Thora stress hai.,Medium,7.112974095457574,45
routine is bad. Phone problem.,Medium,5.4064951688445895,66
preshan hoon kuxh baaton se. Phone kam use krna hai.,Medium,4.132212077866266,74
preshan hoon kuxh baaton se. Behtar ho sakta hai.,Medium,5.190681448148466,63
routine is bad. Slightly better.,Medium,5.197496746285033,64
preshan hoon kuxh baaton se. Phone kam use krna hai.,Medium,7.529792529683688,46
aaj ka din theek tha. Thora stress hai.,Medium,5.828951649062242,46
routine kharab hai. Behtar ho sakta hai.,Medium,6.719997164126296,60
aaj ka din theek tha. Phone kam use krna hai.,Medium,6.007257809322843,66
tired today aur preshan hoon kuxh baaton se.,Medium,7.515922036927513,40
lazy. Phone problem.,Medium,7.687014843427681,74
parhai ka bohot bhojh hai. Phone kam use krna hai.,Medium,7.639535666383523,57
worried. Need to focus.,Medium,5.041708585308919,71
preshan hoon kuxh baaton se. Thora stress hai.,Medium,5.0699879225121975,73
guilty about phone. Phone problem.,Medium,5.555613516865234,55
work study balance. Need to focus.,Medium,7.445965385155436,71
study stress. Need to focus.,Medium,5.456617244514868,65
routine kharab hai. Behtar ho sakta hai.,Medium,5.3160191866833255,52
scrolling habits. Slightly better.,Medium,5.119638565633197,67
routine is bad aur preshan hoon kuxh baaton se.,Medium,6.622517400907854,71
guilty about phone aur routine kharab hai.,Medium,4.603471621985606,67
routine kharab hai. Behtar ho sakta hai.,Medium,4.503348524935275,57
so nahi pa raha sahi se. Thora stress hai.,Medium,6.748997454704263,50
tired today aur thora stress ho raha hai.,Medium,7.15926856503312,57
lazy. Phone problem.,Medium,6.865842013744503,69
scrolling habits aur so nahi pa raha sahi se.,Medium,7.079905339148263,73
work study balance. Need to focus.,Medium,4.7227583409254414,61
work study balance. Need to focus.,Medium,7.0589286524390396,52
routine kharab hai. Behtar ho sakta hai.,Medium,4.057909058773977,71
lazy. Phone problem.,Medium,7.884129360132828,63
preshan hoon kuxh baaton se. Phone kam use krna hai.,Medium,5.586016298160953,45
aaj ka din theek tha. Phone kam use krna hai.,Medium,4.635669237219194,51
parhai ka bohot bhojh hai. Phone kam use krna hai.,Medium,6.036468626876831,56
tired today aur routine kharab hai.,Medium,7.599689716962487,52
preshan hoon kuxh baaton se. Phone kam use krna hai.,Medium,5.361872643111205,42
preshan hoon kuxh baaton se. Phone kam use krna hai.,Medium,7.144483804465106,56
thora stress ho raha hai. Behtar ho sakta hai.,Medium,7.0104279731373715,44
scrolling habits. Slightly better.,Medium,6.385281608140435,45
scrolling habits. Phone problem.,Medium,7.046612913160841,61
study stress. Slightly better.,Medium,5.990275771552492,62
tired today aur thora stress ho raha hai.,Medium,4.756951797461511,47
work study balance aur so nahi pa raha sahi se.,Medium,7.156557457474424,50
guilty about phone aur routine kharab hai.,Medium,4.581138922588856,59
worried aur preshan hoon kuxh baaton se.,Medium,5.399449980201972,54
guilty about phone. Phone problem.,Medium,6.393761185863429,70
so nahi pa raha sahi se. Phone kam use krna hai.,Medium,7.073577576268201,54
thora stress ho raha hai. Phone kam use krna hai.,Medium,4.492497915888846,62
work study balance aur aaj ka din theek tha.,Medium,5.488825038129184,55
parhai ka bohot bhojh hai. Phone kam use krna hai.,Medium,6.1664735055624025,68
tired today. Slightly better.,Medium,6.843600942096873,40
study stress aur aaj ka din theek tha.,Medium,5.673485963902585,53
work study balance aur routine kharab hai.,Medium,5.56817785137083,42
lazy aur parhai ka bohot bhojh hai.,Medium,7.227311078432251,65
routine is bad. Phone problem.,Medium,7.201497575025135,47
lazy. Phone problem.,Medium,6.8854031418403405,61
parhai ka bohot bhojh hai. Phone kam use krna hai.,Medium,4.011949049546498,62
aaj ka din theek tha. Thora stress hai.,Medium,5.4877517653051395,43
tired today aur preshan hoon kuxh baaton se.,Medium,5.154769625947953,44
thora stress ho raha hai. Behtar ho sakta hai.,Medium,6.030350755079995,71
worried. Phone problem.,Medium,6.722890848020176,43
scrolling habits aur parhai ka bohot bhojh hai.,Medium,4.431601601253627,66
parhai ka bohot bhojh hai. Behtar ho sakta hai.,Medium,5.507926716862637,40
tired today. Phone problem.,Medium,6.496918636457226,70
lazy aur preshan hoon kuxh baaton se.,Medium,6.78523898278303,40
worried. Slightly better.,Medium,4.992109517400591,43
preshan hoon kuxh baaton se. Thora stress hai.,Medium,7.817660364320007,48
phone bohot use kiya. Phone kam use krna hai.,Medium,7.070825602779537,64
study stress. Slightly better.,Medium,5.916626860053159,60
scrolling habits. Need to focus.,Medium,5.74961955936568,66
preshan hoon kuxh baaton se. Thora stress hai.,Medium,4.506407253682701,53
thora stress ho raha hai. Behtar ho sakta hai.,Medium,7.858243794672395,50
scrolling habits. Slightly better.,Medium,7.84569024915443,70
tired today. Need to focus.,Medium,7.977747099116218,56
study stress aur parhai ka bohot bhojh hai.,Medium,4.136947784504137,50
tired today aur routine kharab hai.,Medium,6.975051444877358,74
guilty about phone. Slightly better.,Medium,6.011874032274884,53
worried. Slightly better.,Medium,5.550359444383092,75
routine is bad aur routine kharab hai.,Medium,5.1367126858042855,66
so nahi pa raha sahi se. Behtar ho sakta hai.,Medium,7.313602688036785,45
study stress. Phone problem.,Medium,7.506137946028687,62
parhai ka bohot bhojh hai. Phone kam use krna hai.,Medium,4.514269109899539,50
routine kharab hai. Phone kam use krna hai.,Medium,6.967180598576324,49
aaj ka din theek tha. Behtar ho sakta hai.,Medium,7.752756703781727,40
scrolling habits aur routine kharab hai.,Medium,6.301647688895743,57
parhai ka bohot bhojh hai. Phone kam use krna hai.,Medium,7.8553492962343014,50
guilty about phone aur aaj ka din theek tha.,Medium,5.2648097459448016,60
tired today. Slightly better.,Medium,4.188485808721541,70
aaj ka din theek tha. Phone kam use krna hai.,Medium,7.799680366003264,67
lazy aur routine kharab hai.,Medium,4.429233944841181,46
routine is bad aur aaj ka din theek tha.,Medium,5.856714993390071,47
so nahi pa raha sahi se. Phone kam use krna hai.,Medium,5.3566770622977575,46
worried aur routine kharab hai.,Medium,4.927701700170015,71
phone bohot use kiya. Phone kam use krna hai.,Medium,7.318654019504256,42
scrolling habits aur routine kharab hai.,Medium,6.861831950562436,70
scrolling habits. Need to focus.,Medium,4.497107595036047,44
parhai ka bohot bhojh hai. Behtar ho sakta hai.,Medium,6.667567745231724,67
parhai ka bohot bhojh hai. Thora stress hai.,Medium,4.301725951909139,41
guilty about phone. Phone problem.,Medium,6.6099885501505815,43
scrolling habits aur so nahi pa raha sahi se.,Medium,7.146027131788573,63
so nahi pa raha sahi se. Phone kam use krna hai.,Medium,6.1598762992219145,69
lazy. Phone problem.,Medium,6.933957727247098,60
lazy. Slightly better.,Medium,7.708149321201304,63
study stress. Phone problem.,Medium,7.791233128688356,65
preshan hoon kuxh baaton se. Phone kam use krna hai.,Medium,4.1088061307666255,40
tired today aur preshan hoon kuxh baaton se.,Medium,4.52014206826082,67
study stress. Slightly better.,Medium,5.0358925901294125,60
worried. Slightly better.,Medium,6.025752962304064,72
worried. Slightly better.,Medium,6.209086401997426,44
scrolling habits aur phone bohot use kiya.,Medium,6.599782436155781,71
tired today aur aaj ka din theek tha.,Medium,7.129526388193256,73
routine is bad. Slightly better.,Medium,6.738590613602954,56
parhai ka bohot bhojh hai. Behtar ho sakta hai.,Medium,5.240251497720085,44
aaj ka din theek tha. Thora stress hai.,Medium,4.062060009135523,41
work study balance. Phone problem.,Medium,6.028811918856354,41
worried. Phone problem.,Medium,6.467204970448539,66
thora stress ho raha hai. Thora stress hai.,Medium,4.948213431478176,51
phone bohot use kiya. Phone kam use krna hai.,Medium,5.681128453998721,52
work study balance. Phone problem.,Medium,6.568316548373552,63
scrolling habits aur parhai ka bohot bhojh hai.,Medium,5.774185262990231,51
thora stress ho raha hai. Phone kam use krna hai.,Medium,4.213626919004684,74
routine is bad. Phone problem.,Medium,7.56615640097411,51
phone bohot use kiya. Behtar ho sakta hai.,Medium,5.195969793754125,57
tired today. Slightly better.,Medium,7.083609721920255,43
preshan hoon kuxh baaton se. Phone kam use krna hai.,Medium,7.954163158421561,64
worried. Slightly better.,Medium,5.423791901893463,57
phone bohot use kiya. Behtar ho sakta hai.,Medium,5.8808971570772375,52
lazy. Need to focus.,Medium,4.688848603042949,47
guilty about phone. Need to focus.,Medium,4.340568470677297,59
scrolling habits aur thora stress ho raha hai.,Medium,7.962076114683459,42
tired today. Phone problem.,Medium,4.127626473822476,46
tired today aur parhai ka bohot bhojh hai.,Medium,6.168936550456058,44
parhai ka bohot bhojh hai. Behtar ho sakta hai.,Medium,4.954068056709685,59
study stress aur so nahi pa raha sahi se.,Medium,6.306986149800145,50
tired today aur thora stress ho raha hai.,Medium,4.148208205403768,44
study stress aur phone bohot use kiya.,Medium,5.424014575364183,55
worried. Phone problem.,Medium,4.4474749992615905,69
thora stress ho raha hai. Behtar ho sakta hai.,Medium,4.207705603706103,51
study stress. Slightly better.,Medium,4.145803188494745,44
lazy aur so nahi pa raha sahi se.,Medium,4.660964292676107,68
so nahi pa raha sahi se. Behtar ho sakta hai.,Medium,6.762344831210131,62
tired today. Phone problem.,Medium,5.299755076353371,41
guilty about phone aur routine kharab hai.,Medium,6.376745636650865,57
tired today aur so nahi pa raha sahi se.,Medium,4.006799838686685,59
guilty about phone aur phone bohot use kiya.,Medium,5.715883200003663,59
lazy. Slightly better.,Medium,7.403481592651655,56
preshan hoon kuxh baaton se. Thora stress hai.,Medium,4.912630434254764,72
guilty about phone aur preshan hoon kuxh baaton se.,Medium,7.482339391654468,61
phone bohot use kiya. Phone kam use krna hai.,Medium,6.798906223004875,41
work study balance aur preshan hoon kuxh baaton se.,Medium,4.076353761115445,40
guilty about phone. Phone problem.,Medium,6.343792907536242,48
routine is bad aur routine kharab hai.,Medium,6.58363324313022,68
guilty about phone. Phone problem.,Medium,6.4752198639525105,51
preshan hoon kuxh baaton se. Phone kam use krna hai.,Medium,5.742662455309679,66
tired today. Phone problem.,Medium,6.018159844328419,75
work study balance. Need to focus.,Medium,7.693422004414465,52
routine is bad aur so nahi pa raha sahi se.,Medium,7.900155645982723,75
tired today aur routine kharab hai.,Medium,4.14356091175188,60
thora stress ho raha hai. Thora stress hai.,Medium,5.334720288859021,48
routine is bad aur routine kharab hai.,Medium,7.341163123856067,49
guilty about phone aur preshan hoon kuxh baaton se.,Medium,5.855037176680668,45
preshan hoon kuxh baaton se. Thora stress hai.,Medium,7.91320718154741,46
lazy aur routine kharab hai.,Medium,4.02582357156168,58
tired today aur routine kharab hai.,Medium,5.536859783133467,45
routine kharab hai. Behtar ho sakta hai.,Medium,5.50613370219043,46
routine kharab hai. Phone kam use krna hai.,Medium,6.8853534239597725,58
scrolling habits aur aaj ka din theek tha.,Medium,7.503697847882802,69
tired today. Phone problem.,Medium,5.154117045352509,66
phone bohot use kiya. Phone kam use krna hai.,Medium,4.6581651138940074,52
lazy aur so nahi pa raha sahi se.,Medium,6.585478578838321,70
thora stress ho raha hai. Thora stress hai.,Medium,4.915414630305348,58
guilty about phone aur phone bohot use kiya.,Medium,5.515664123558886,42
phone bohot use kiya. Thora stress hai.,Medium,7.90102683874528,71
tired today. Phone problem.,Medium,4.371737769610615,43
guilty about phone. Slightly better.,Medium,7.298156328145386,45
phone bohot use kiya. Behtar ho sakta hai.,Medium,7.42712716340177,48
work study balance aur thora stress ho raha hai.,Medium,7.88400248042765,59
work study balance aur routine kharab hai.,Medium,6.143137551890398,51
routine kharab hai. Phone kam use krna hai.,Medium,7.829783410306629,49
parhai ka bohot bhojh hai. Thora stress hai.,Medium,5.638536823807987,53
study stress. Slightly better.,Medium,4.8879025844703765,68
so nahi pa raha sahi se. Behtar ho sakta hai.,Medium,5.924298937035635,52
lazy aur aaj ka din theek tha.,Medium,7.533030163104016,44
lazy. Need to focus.,Medium,5.569344704168577,67
guilty about phone aur thora stress ho raha hai.,Medium,7.464817350872151,63
worried. Slightly better.,Medium,5.623250291142922,45
lazy. Slightly better.,Medium,7.01901011271309,74
phone bohot use kiya. Phone kam use krna hai.,Medium,4.80803636443743,44
routine is bad aur so nahi pa raha sahi se.,Medium,4.879622237876629,53
tired today. Phone problem.,Medium,6.026993579229605,61
scrolling habits. Need to focus.,Medium,6.578566834461598,63
lazy aur preshan hoon kuxh baaton se.,Medium,5.103795577329123,42
aaj ka din theek tha. Thora stress hai.,Medium,7.379212864557642,64
tired today. Need to focus.,Medium,5.6553701969756505,64
lazy aur routine kharab hai.,Medium,5.686591799711605,75
tired today. Slightly better.,Medium,4.836222408323998,40
guilty about phone aur thora stress ho raha hai.,Medium,4.683217293929875,63
routine is bad. Need to focus.,Medium,6.220580591618829,68
study stress aur phone bohot use kiya.,Medium,7.346107402768961,62
routine is bad aur aaj ka din theek tha.,Medium,7.520726913209067,68
phone bohot use kiya. Phone kam use krna hai.,Medium,6.4159140293114465,46
guilty about phone. Phone problem.,Medium,7.7761055096755065,44
scrolling habits aur preshan hoon kuxh baaton se.,Medium,4.925930180888862,48
phone bohot use kiya. Phone kam use krna hai.,Medium,6.705881963989219,72
tired today aur routine kharab hai.,Medium,4.931925580857173,53
parhai ka bohot bhojh hai. Behtar ho sakta hai.,Medium,6.884818552593001,60
worried aur so nahi pa raha sahi se.,Medium,4.5674579862169935,47
lazy aur thora stress ho raha hai.,Medium,6.742490905429786,65
scrolling habits. Need to focus.,Medium,5.235776585488066,59
routine is bad aur parhai ka bohot bhojh hai.,Medium,7.8587700145379635,54
study stress. Phone problem.,Medium,4.31920531687426,68
phone bohot use kiya. Phone kam use krna hai.,Medium,5.421701936290168,63
work study balance. Need to focus.,Medium,7.233657141586711,61
study stress. Need to focus.,Medium,7.209902000605404,54
work study balance. Slightly better.,Medium,6.780380542933026,53
routine is bad. Phone problem.,Medium,5.09262700541566,65
worried. Phone problem.,Medium,7.353318925863578,73
guilty about phone. Need to focus.,Medium,6.5957181589669505,57
worried aur so nahi pa raha sahi se.,Medium,4.4976716524984885,47
routine kharab hai. Phone kam use krna hai.,Medium,7.9398544056159714,57
work study balance aur parhai ka bohot bhojh hai.,Medium,6.087060511304475,71
tired today. Slightly better.,Medium,7.641358172573812,68
work study balance. Slightly better.,Medium,5.9417186290213095,74
scrolling habits. Slightly better.,Medium,4.760104821360265,59
guilty about phone. Phone problem.,Medium,4.574290316670188,57
routine is bad aur routine kharab hai.,Medium,6.101600054705782,42
so nahi pa raha sahi se. Behtar ho sakta hai.,Medium,7.121834518516119,54
guilty about phone. Slightly better.,Medium,7.611287340826139,69
tired today. Phone problem.,Medium,6.370743814476654,57
tired today aur aaj ka din theek tha.,Medium,6.301221090910563,75
worried. Slightly better.,Medium,5.090574032536675,58
preshan hoon kuxh baaton se. Phone kam use krna hai.,Medium,4.698810535876191,61
routine is bad. Phone problem.,Medium,4.611150397497566,43
guilty about phone aur so nahi pa raha sahi se.,Medium,5.165655866510567,40
aaj ka din theek tha. Thora stress hai.,Medium,7.18526113361386,50
scrolling habits aur aaj ka din theek tha.,Medium,5.962356137212042,43
parhai ka bohot bhojh hai. Phone kam use krna hai.,Medium,6.671917142956138,41
guilty about phone aur parhai ka bohot bhojh hai.,Medium,7.804073780138728,49
routine is bad. Slightly better.,Medium,7.523590479073424,70
preshan hoon kuxh baaton se. Behtar ho sakta hai.,Medium,7.011927899068992,54
scrolling habits. Need to focus.,Medium,5.743129864434317,61
guilty about phone aur parhai ka bohot bhojh hai.,Medium,7.485270033352841,55
work study balance. Phone problem.,Medium,4.054398865838755,63
worried. Slightly better.,Medium,5.082843696336142,60
scrolling habits aur thora stress ho raha hai.,Medium,7.030265875703073,73
so nahi pa raha sahi se. Phone kam use krna hai.,Medium,6.863003205532882,63
thora stress ho raha hai. Behtar ho sakta hai.,Medium,5.956261926565653,72
work study balance aur phone bohot use kiya.,Medium,6.375986425346906,62
study stress aur thora stress ho raha hai.,Medium,6.494391062620549,66
lazy. Phone problem.,Medium,7.1265562228611,56
worried. Phone problem.,Medium,7.9823229714515715,40
worried aur so nahi pa raha sahi se.,Medium,4.141003659920914,45
phone bohot use kiya. Phone kam use krna hai.,Medium,7.405956271813241,60
routine is bad. Slightly better.,Medium,7.97715125149065,74
parhai ka bohot bhojh hai. Phone kam use krna hai.,Medium,6.42783877560834,73
lazy. Phone problem.,Medium,4.526227013674948,66
scrolling habits. Phone problem.,Medium,7.804654346615001,49
phone bohot use kiya. Behtar ho sakta hai.,Medium,5.528513538886038,75
scrolling habits aur phone bohot use kiya.,Medium,6.04377923810144,75
so nahi pa raha sahi se. Thora stress hai.,Medium,6.656116155365915,53
lazy aur routine kharab hai.,Medium,4.170167618119622,53
routine kharab hai. Thora stress hai.,Medium,4.281350475852891,71
aaj ka din theek tha. Phone kam use krna hai.,Medium,7.254309595179876,46
worried aur thora stress ho raha hai.,Medium,7.345999657953672,69
study stress aur routine kharab hai.,Medium,5.475396389358728,74
preshan hoon kuxh baaton se. Behtar ho sakta hai.,Medium,6.599653343222607,53
thora stress ho raha hai. Thora stress hai.,Medium,6.8813097601298185,56
phone bohot use kiya. Behtar ho sakta hai.,Medium,7.465873858304498,44
work study balance aur routine kharab hai.,Medium,5.854804716792462,42
routine is bad aur parhai ka bohot bhojh hai.,Medium,7.355325254498526,66
scrolling habits. Slightly better.,Medium,6.879566822885939,53
work study balance aur routine kharab hai.,Medium,5.028337724357801,73
study stress. Phone problem.,Medium,7.4695349227653685,68
scrolling habits aur preshan hoon kuxh baaton se.,Medium,5.004658140405416,67
guilty about phone. Slightly better.,Medium,6.331456151112748,53
guilty about phone. Slightly better.,Medium,7.45171880027417,57
worried. Phone problem.,Medium,6.359312691786396,47
lazy aur phone bohot use kiya.,Medium,6.01277929066209,61
tired today. Slightly better.,Medium,5.276187417433514,61
work study balance. Slightly better.,Medium,6.411349833570073,43
thora stress ho raha hai. Phone kam use krna hai.,Medium,7.702058669289389,42
work study balance. Phone problem.,Medium,6.016239075333,67
phone bohot use kiya. Phone kam use krna hai.,Medium,6.879086077382162,73
worried. Need to focus.,Medium,6.059386347308913,45
so nahi pa raha sahi se. Behtar ho sakta hai.,Medium,6.497134563435404,70
study stress aur parhai ka bohot bhojh hai.,Medium,5.229548497803517,74
study stress aur parhai ka bohot bhojh hai.,Medium,5.162833145494414,74
lazy aur preshan hoon kuxh baaton se.,Medium,6.977795992482529,66
work study balance. Phone problem.,Medium,4.49405711379374,46
study stress aur thora stress ho raha hai.,Medium,5.684911015821749,70
guilty about phone aur routine kharab hai.,Medium,4.61969066765432,53
so nahi pa raha sahi se. Phone kam use krna hai.,Medium,7.765854127719968,45
work study balance aur so nahi pa raha sahi se.,Medium,5.6133818267035895,66
aaj ka din theek tha. Phone kam use krna hai.,Medium,6.103485897901381,44
lazy. Phone problem.,Medium,4.372004407813426,62
thora stress ho raha hai. Behtar ho sakta hai.,Medium,7.46779664943889,46
parhai ka bohot bhojh hai. Thora stress hai.,Medium,4.859415839267624,52
preshan hoon kuxh baaton se. Phone kam use krna hai.,Medium,4.064341373080398,71
tired today. Slightly better.,Medium,4.979881842428215,56
preshan hoon kuxh baaton se. Behtar ho sakta hai.,Medium,6.775055298574648,57
tired today aur aaj ka din theek tha.,Medium,4.057358421417275,49
routine is bad aur aaj ka din theek tha.,Medium,6.993365841802476,53
phone bohot use kiya. Phone kam use krna hai.,Medium,5.428969213714078,40
parhai ka bohot bhojh hai. Behtar ho sakta hai.,Medium,5.467701847453846,75
preshan hoon kuxh baaton se. Phone kam use krna hai.,Medium,4.124538382093688,48
so nahi pa raha sahi se. Thora stress hai.,Medium,6.393366756445312,40
thora stress ho raha hai. Behtar ho sakta hai.,Medium,4.820598585622848,50
worried aur parhai ka bohot bhojh hai.,Medium,7.406370884291093,51
scrolling habits. Phone problem.,Medium,6.853363349974469,60
guilty about phone. Slightly better.,Medium,4.459736125338075,42
lazy aur routine kharab hai.,Medium,5.573918717327796,50
guilty about phone. Slightly better.,Medium,7.002396566980145,63
aaj ka din theek tha. Thora stress hai.,Medium,6.21298554148281,61
scrolling habits. Slightly better.,Medium,4.0021469591086,45
scrolling habits aur so nahi pa raha sahi se.,Medium,5.024535957878259,50
tired today aur phone bohot use kiya.,Medium,4.6378913006671905,71
guilty about phone aur aaj ka din theek tha.,Medium,5.112528731679303,43
study stress. Slightly better.,Medium,5.078478594768807,66
study stress. Need to focus.,Medium,6.373179367896358,58
preshan hoon kuxh baaton se. Thora stress hai.,Medium,4.158936464115477,61
so nahi pa raha sahi se. Phone kam use krna hai.,Medium,4.702297100049316,69
guilty about phone. Slightly better.,Medium,4.947495972064511,52
scrolling habits. Phone problem.,Medium,7.14575028961729,42
lazy aur aaj ka din theek tha.,Medium,6.115267556684874,75
thora stress ho raha hai. Phone kam use krna hai.,Medium,6.4664095497171905,44
preshan hoon kuxh baaton se. Behtar ho sakta hai.,Medium,6.053700439088293,41
guilty about phone aur thora stress ho raha hai.,Medium,6.401529377725138,56
routine is bad. Slightly better.,Medium,4.3523503911997174,73
scrolling habits. Slightly better.,Medium,7.18348666453033,50
lazy aur thora stress ho raha hai.,Medium,4.027511767058476,71
scrolling habits aur so nahi pa raha sahi se.,Medium,6.710943939888057,71
tired today. Need to focus.,Medium,6.28189083674385,59
tired today. Slightly better.,Medium,4.8361473105501736,43
scrolling habits aur so nahi pa raha sahi se.,Medium,7.580713656212742,46
preshan hoon kuxh baaton se. Behtar ho sakta hai.,Medium,4.844532895431127,62
phone bohot use kiya. Phone kam use krna hai.,Medium,5.074517619796723,64
work study balance. Slightly better.,Medium,5.515372777095978,56
aaj ka din theek tha. Phone kam use krna hai.,Medium,5.588788814678004,47
so nahi pa raha sahi se. Thora stress hai.,Medium,7.657013987347897,61
phone bohot use kiya. Behtar ho sakta hai.,Medium,4.126245285361653,45
so nahi pa raha sahi se. Thora stress hai.,Medium,5.982411464595426,51
preshan hoon kuxh baaton se. Thora stress hai.,Medium,6.096096903451862,70
worried aur thora stress ho raha hai.,Medium,6.9216233075927285,48
so nahi pa raha sahi se. Thora stress hai.,Medium,4.300587282613621,43
worried. Phone problem.,Medium,7.935181595315173,68
study stress aur routine kharab hai.,Medium,4.006329967339974,54
work study balance. Phone problem.,Medium,7.073302929624582,49
thora stress ho raha hai. Behtar ho sakta hai.,Medium,6.482662033129483,70
scrolling habits. Slightly better.,Medium,6.548650507464802,44
tired today. Phone problem.,Medium,7.81426052500905,44
lazy aur parhai ka bohot bhojh hai.,Medium,7.843458102087665,43
aaj ka din theek tha. Thora stress hai.,Medium,5.540383623300926,54
scrolling habits. Slightly better.,Medium,4.854549136266218,50
parhai ka bohot bhojh hai. Phone kam use krna hai.,Medium,4.183213754257027,46
happy. Happy life.,Low,2.363241667306,31
sukoon hai aaj. Bohat maza aya.,Low,1.1691968244775093,35
zindagi khoobsurat hai. Alhamdulillah sub set hai.,Low,2.486059911817265,35
din acha guzra. Alhamdulillah sub set hai.,Low,0.39345895145980414,12
happy aur MashaAllah sub theek hai.,Low,3.9305731366367724,34
zindagi khoobsurat hai. Sukoon mil raha hai.,Low,3.2277738498997857,18
motivated aur MashaAllah sub theek hai.,Low,3.8557344009634287,35
happy. Feeling good.,Low,2.4865522021716684,30
peaceful. So energetic!,Low,1.5795082435699679,34
productive aur din acha guzra.,Low,1.8202748764635444,25
motivated. Feeling good.,Low,2.354601601467439,14
productive. Happy life.,Low,2.047253467433093,22
great day aur sukoon hai aaj.,Low,2.673537293824613,12
happy aur sukoon hai aaj.,Low,2.8957516333491395,16
good workout aur MashaAllah sub theek hai.,Low,1.801852899240155,21
sukoon hai aaj. Alhamdulillah sub set hai.,Low,2.1163349517767718,9
bohot khush hoon. Sukoon mil raha hai.,Low,0.32843315672958573,33
great day aur din acha guzra.,Low,3.6283248913247115,34
great day aur zindagi khoobsurat hai.,Low,2.5227182651883995,22
Alhamdulillah. Happy life.,Low,0.4322093895579555,6
great day aur sukoon hai aaj.,Low,2.105586619613921,30
motivated aur din acha guzra.,Low,0.8949245700395263,25
sukoon hai aaj. Sukoon mil raha hai.,Low,0.38472141988507413,27
kaam pura ho gaya. Alhamdulillah sub set hai.,Low,1.3496467760805753,14
peaceful. Feeling good.,Low,2.877504070178495,10
kaam pura ho gaya. Alhamdulillah sub set hai.,Low,3.7033572205192646,14
happy aur MashaAllah sub theek hai.,Low,1.1120402340522153,27
motivated. So energetic!,Low,2.414650650608171,28
motivated aur MashaAllah sub theek hai.,Low,3.46792861506317,20
peaceful aur MashaAllah sub theek hai.,Low,0.3887334788269676,31
zindagi khoobsurat hai. Alhamdulillah sub set hai.,Low,3.3144185694158983,11
socially fulfilled aur din acha guzra.,Low,3.662142032642564,34
great day. Feeling good.,Low,3.018342888551875,12
kaam pura ho gaya. Sukoon mil raha hai.,Low,3.34654664632667,27
sukoon hai aaj. Bohat maza aya.,Low,1.5362571014200928,10
productive aur din acha guzra.,Low,2.6202671836179268,15
motivated. Feeling good.,Low,2.9824449829723827,20
Alhamdulillah. Feeling good.,Low,0.5238811782117714,22
socially fulfilled. Happy life.,Low,2.7335523647163367,11
productive. Happy life.,Low,1.8883712813731073,18
peaceful aur MashaAllah sub theek hai.,Low,1.011234721724529,29
good workout aur MashaAllah sub theek hai.,Low,2.680505217374327,18
bohot khush hoon. Alhamdulillah sub set hai.,Low,3.5823159107429885,19
socially fulfilled aur aaj maza aya.,Low,3.0928449078755795,18
MashaAllah sub theek hai. Alhamdulillah sub set hai.,Low,0.33047672275353523,31
Alhamdulillah. Feeling good.,Low,0.5404821336165782,33
good workout. So energetic!,Low,3.6207227015405907,13
MashaAllah sub theek hai. Alhamdulillah sub set hai.,Low,0.1787911588169533,23
motivated. So energetic!,Low,1.2268196391887156,35
happy aur bohot khush hoon.,Low,2.6778929950738335,11
aaj maza aya. Bohat maza aya.,Low,3.03049803933008,18
kaam pura ho gaya. Alhamdulillah sub set hai.,Low,1.8353139280786346,7
great day aur din acha guzra.,Low,2.0056408461458584,19
productive aur sukoon hai aaj.,Low,3.5375970134139885,28
good workout aur zindagi khoobsurat hai.,Low,3.9809020063874465,13
studied well. So energetic!,Low,0.6836112562705567,10
aaj maza aya. Sukoon mil raha hai.,Low,1.0112609877631367,10
socially fulfilled aur sukoon hai aaj.,Low,1.7743727886765988,29
MashaAllah sub theek hai. Bohat maza aya.,Low,0.0021607644264807213,21
aaj maza aya. Sukoon mil raha hai.,Low,1.4364462051903084,17
sukoon hai aaj. Alhamdulillah sub set hai.,Low,0.04335345906716315,33
good workout aur kaam pura ho gaya.,Low,2.7067170643317313,14
sukoon hai aaj. Sukoon mil raha hai.,Low,3.6256873988292644,6
sub kuxh theek hai. Bohat maza aya.,Low,3.3554194114625955,13
great day. So energetic!,Low,2.9157453081339777,23
good workout aur sukoon hai aaj.,Low,3.4357133045396364,10
good workout aur MashaAllah sub theek hai.,Low,1.2554063474807866,15
Alhamdulillah. Happy life.,Low,3.6571149041666176,13
great day aur sub kuxh theek hai.,Low,2.007444485763336,21
MashaAllah sub theek hai. Alhamdulillah sub set hai.,Low,0.4444453102234829,27
good workout. Feeling good.,Low,0.8806970284365159,26
sukoon hai aaj. Alhamdulillah sub set hai.,Low,0.06609639462600603,10
productive aur aaj maza aya.,Low,1.425246753470002,32
good workout aur MashaAllah sub theek hai.,Low,3.0273427936811235,13
Alhamdulillah. Happy life.,Low,2.3259347317901637,30
motivated aur din acha guzra.,Low,0.6197223264538527,5
sukoon hai aaj. Alhamdulillah sub set hai.,Low,2.9897372798704445,10
sukoon hai aaj. Sukoon mil raha hai.,Low,2.8906805431941915,18
good workout. So energetic!,Low,3.3346715888119594,34
Alhamdulillah. Happy life.,Low,2.9311300927722708,21
happy. Happy life.,Low,1.4541713145851074,11
happy. So energetic!,Low,0.8697957426847691,22
great day aur bohot khush hoon.,Low,1.0044218433029375,28
sukoon hai aaj. Bohat maza aya.,Low,1.20741373090318,11
zindagi khoobsurat hai. Alhamdulillah sub set hai.,Low,1.6767505173135877,29
bohot khush hoon. Bohat maza aya.,Low,0.6268219222699667,24
sub kuxh theek hai. Alhamdulillah sub set hai.,Low,2.0526373032826486,20
din acha guzra. Sukoon mil raha hai.,Low,0.48532952543102903,33
peaceful. Feeling good.,Low,2.1986098876595563,22
din acha guzra. Alhamdulillah sub set hai.,Low,2.27190683724302,15
good workout aur zindagi khoobsurat hai.,Low,1.891925414468775,31
socially fulfilled. Feeling good.,Low,3.629639888652167,20
sub kuxh theek hai. Bohat maza aya.,Low,2.021790066391477,17
motivated aur bohot khush hoon.,Low,3.6273642902433303,20
socially fulfilled. So energetic!,Low,3.1448965402897207,23
Alhamdulillah. Happy life.,Low,2.282625212716817,26
zindagi khoobsurat hai. Bohat maza aya.,Low,3.810180660928938,33
bohot khush hoon. Bohat maza aya.,Low,1.9556257200644103,14
studied well. So energetic!,Low,1.9119668636997789,32
bohot khush hoon. Alhamdulillah sub set hai.,Low,1.11760341353949,21
good workout aur zindagi khoobsurat hai.,Low,1.7336163335136123,25
happy aur bohot khush hoon.,Low,3.604959815662328,21
aaj maza aya. Sukoon mil raha hai.,Low,2.9878332743939398,6
great day. So energetic!,Low,1.2562218356580317,33
productive. Happy life.,Low,0.5729056439660387,9
productive. So energetic!,Low,2.5124499487140297,18
productive. So energetic!,Low,2.4285347137630997,6
bohot khush hoon. Alhamdulillah sub set hai.,Low,1.93753107325505,25
good workout. Feeling good.,Low,0.960581531228653,26
kaam pura ho gaya. Alhamdulillah sub set hai.,Low,0.03171027581634123,25
good workout aur zindagi khoobsurat hai.,Low,1.3553255075732213,35
din acha guzra. Sukoon mil raha hai.,Low,3.4675028700116406,22
motivated. Feeling good.,Low,1.2435415274542838,35
MashaAllah sub theek hai. Alhamdulillah sub set hai.,Low,1.1702359872284225,33
productive aur bohot khush hoon.,Low,0.18751692264037478,32
bohot khush hoon. Sukoon mil raha hai.,Low,2.2550135165854264,24
great day. So energetic!,Low,1.337420381208632,20
zindagi khoobsurat hai. Alhamdulillah sub set hai.,Low,0.8161271306669344,14
sukoon hai aaj. Bohat maza aya.,Low,2.5727848738636334,31
socially fulfilled aur MashaAllah sub theek hai.,Low,1.2245791223091254,11
peaceful aur sukoon hai aaj.,Low,3.8790219991374557,15
studied well. Feeling good.,Low,2.378737419417708,25
MashaAllah sub theek hai. Sukoon mil raha hai.,Low,2.3110287093556283,24
good workout aur bohot khush hoon.,Low,3.663122413872286,9
sukoon hai aaj. Sukoon mil raha hai.,Low,1.4698216435596732,29
sukoon hai aaj. Bohat maza aya.,Low,1.2352112113265203,29
motivated aur din acha guzra.,Low,1.8884907768620165,29
great day aur sub kuxh theek hai.,Low,1.2821556825662723,25
kaam pura ho gaya. Sukoon mil raha hai.,Low,0.935768942499835,31
bohot khush hoon. Sukoon mil raha hai.,Low,3.0678423619140407,35
studied well. Happy life.,Low,0.8581108928983499,28
great day. Happy life.,Low,2.635182985412566,34
zindagi khoobsurat hai. Bohat maza aya.,Low,3.1692165311293885,13
studied well. Feeling good.,Low,1.0955452317215197,32
aaj maza aya. Bohat maza aya.,Low,0.30680529215658847,22
sub kuxh theek hai. Bohat maza aya.,Low,2.1009555813609997,12
sukoon hai aaj. Alhamdulillah sub set hai.,Low,2.7299013379537085,15
happy aur aaj maza aya.,Low,0.8431475642388655,28
peaceful aur zindagi khoobsurat hai.,Low,3.915317891220916,10
productive aur bohot khush hoon.,Low,2.9962550592721384,21
kaam pura ho gaya. Alhamdulillah sub set hai.,Low,1.0603751870244276,12
motivated aur din acha guzra.,Low,0.47393560059323603,10
happy. Happy life.,Low,3.227937830358833,22
great day aur din acha guzra.,Low,1.7120654070956514,14
good workout. So energetic!,Low,0.5644612589528086,5
studied well. Feeling good.,Low,0.49233111991265366,17
sukoon hai aaj. Bohat maza aya.,Low,1.720175076690989,29
productive aur MashaAllah sub theek hai.,Low,3.718976234635651,9
motivated. Feeling good.,Low,3.978555827629823,33
MashaAllah sub theek hai. Bohat maza aya.,Low,1.0893980378682642,8
kaam pura ho gaya. Alhamdulillah sub set hai.,Low,1.8493889672657753,23
din acha guzra. Sukoon mil raha hai.,Low,1.941337586028736,25
din acha guzra. Sukoon mil raha hai.,Low,0.28408756607404895,20
zindagi khoobsurat hai. Bohat maza aya.,Low,3.057552487234514,19
zindagi khoobsurat hai. Bohat maza aya.,Low,1.6106770085971105,11
peaceful. So energetic!,Low,3.892103762052994,19
kaam pura ho gaya. Bohat maza aya.,Low,3.838204883763077,21
studied well. So energetic!,Low,1.4746580951690542,23
sukoon hai aaj. Bohat maza aya.,Low,1.7037564333472597,8
sukoon hai aaj. Bohat maza aya.,Low,3.949819054409137,15
socially fulfilled aur bohot khush hoon.,Low,0.17195789696999553,17
productive. Happy life.,Low,0.9795470472386922,25
happy. Feeling good.,Low,1.5093454317821413,29
Alhamdulillah. Feeling good.,Low,3.4917938420418473,33
din acha guzra. Sukoon mil raha hai.,Low,0.8092705823484505,7
peaceful aur kaam pura ho gaya.,Low,2.9450348842274243,35
good workout. So energetic!,Low,2.9370264661837595,25
happy. So energetic!,Low,2.154431381721528,18
peaceful. Feeling good.,Low,0.05978231690445046,32
productive aur aaj maza aya.,Low,3.590806665435264,31
sub kuxh theek hai. Sukoon mil raha hai.,Low,0.6504989652342634,13
motivated. So energetic!,Low,2.954526302281501,31
MashaAllah sub theek hai. Sukoon mil raha hai.,Low,0.27224060420299256,12
great day. So energetic!,Low,1.6089826493371544,34
peaceful aur sukoon hai aaj.,Low,2.319844349587834,20
Alhamdulillah. Feeling good.,Low,0.4916214498022753,8
happy aur sukoon hai aaj.,Low,1.1998675945197683,20
good workout. Feeling good.,Low,2.3566156960372764,5
MashaAllah sub theek hai. Bohat maza aya.,Low,2.311470217590843,8
Alhamdulillah aur aaj maza aya.,Low,3.3012757519750835,22
MashaAllah sub theek hai. Sukoon mil raha hai.,Low,0.3947344893473095,27
aaj maza aya. Alhamdulillah sub set hai.,Low,2.967172005648865,22
motivated. So energetic!,Low,1.1051176963063805,6
aaj maza aya. Bohat maza aya.,Low,0.6837645877588834,29
happy. Happy life.,Low,1.4327341048034756,16
motivated. So energetic!,Low,3.543909964222622,34
Alhamdulillah aur MashaAllah sub theek hai.,Low,3.9453794047303807,17
aaj maza aya. Alhamdulillah sub set hai.,Low,3.5996805093779254,27
zindagi khoobsurat hai. Sukoon mil raha hai.,Low,2.0448502559066295,19
socially fulfilled aur sub kuxh theek hai.,Low,0.47150407109981796,25
sub kuxh theek hai. Sukoon mil raha hai.,Low,1.8123111927241733,23
socially fulfilled aur aaj maza aya.,Low,0.5286049865117821,25
socially fulfilled aur din acha guzra.,Low,1.117270388762039,12
good workout aur bohot khush hoon.,Low,0.794854277996448,20
din acha guzra. Sukoon mil raha hai.,Low,0.42592331688853635,26
Alhamdulillah. Happy life.,Low,2.5246427492062216,34
productive. Happy life.,Low,1.047152052498137,29
motivated. Feeling good.,Low,1.6847184573506158,21
studied well. So energetic!,Low,1.479298194209591,23
peaceful aur sukoon hai aaj.,Low,0.6392779366716019,32
productive aur MashaAllah sub theek hai.,Low,0.28915874938098884,34
happy. So energetic!,Low,2.6483861131550035,32
motivated. Happy life.,Low,1.0745558908426953,27
zindagi khoobsurat hai. Bohat maza aya.,Low,1.387989583200949,31
kaam pura ho gaya. Alhamdulillah sub set hai.,Low,0.42850109439591444,28
sukoon hai aaj. Sukoon mil raha hai.,Low,2.6148680592462745,29
kaam pura ho gaya. Alhamdulillah sub set hai.,Low,3.8006685895051215,26
studied well aur sub kuxh theek hai.,Low,0.7655299115319361,28
sub kuxh theek hai. Bohat maza aya.,Low,0.2251884729685587,22
zindagi khoobsurat hai. Alhamdulillah sub set hai.,Low,3.139490368972098,17
good workout aur kaam pura ho gaya.,Low,3.4139920405648048,32
great day aur din acha guzra.,Low,0.9857811959386473,10
motivated. So energetic!,Low,2.6107070904368457,26
great day aur kaam pura ho gaya.,Low,2.1000080136405326,20
peaceful. Happy life.,Low,3.7583581189877617,23
din acha guzra. Sukoon mil raha hai.,Low,1.134620130989001,20
sukoon hai aaj. Bohat maza aya.,Low,2.0726149565344136,19
productive. Happy life.,Low,1.7003534383963665,21
sukoon hai aaj. Sukoon mil raha hai.,Low,3.4796613886215377,5
good workout. Happy life.,Low,0.5106223197228159,22
MashaAllah sub theek hai. Bohat maza aya.,Low,3.819593504390991,35
Alhamdulillah. Feeling good.,Low,0.12413563086080259,31
aaj maza aya. Bohat maza aya.,Low,3.2090731641866923,26
din acha guzra. Alhamdulillah sub set hai.,Low,0.7175990928138005,16
happy aur sub kuxh theek hai.,Low,3.317456732542934,28
socially fulfilled. Feeling good.,Low,1.2321623997999613,9
good workout. So energetic!,Low,1.7449204724666374,25
productive. So energetic!,Low,2.0988781336574087,21
good workout. Feeling good.,Low,3.1309572979233353,21
sub kuxh theek hai. Sukoon mil raha hai.,Low,2.3306529295117753,9
motivated aur aaj maza aya.,Low,3.0061946693063204,11
kaam pura ho gaya. Sukoon mil raha hai.,Low,0.3356863938618453,9
productive aur aaj maza aya.,Low,1.1534340627339463,7
kaam pura ho gaya. Sukoon mil raha hai.,Low,1.9272741588528373,34
productive. Happy life.,Low,2.5774230658657333,35
din acha guzra. Alhamdulillah sub set hai.,Low,2.8641116630061614,14
motivated aur bohot khush hoon.,Low,3.06446136225663,24
kaam pura ho gaya. Alhamdulillah sub set hai.,Low,1.446631046696933,32
studied well aur aaj maza aya.,Low,0.9723340397954199,11
zindagi khoobsurat hai. Bohat maza aya.,Low,3.4599226464024784,17
productive. Happy life.,Low,0.05485182002418876,22
sub kuxh theek hai. Bohat maza aya.,Low,1.89177828030523,30
bohot khush hoon. Alhamdulillah sub set hai.,Low,2.9004543408857484,32
sukoon hai aaj. Bohat maza aya.,Low,3.9307780844376077,18
din acha guzra. Sukoon mil raha hai.,Low,1.2199108773832088,9
peaceful aur MashaAllah sub theek hai.,Low,3.767644924471451,8
MashaAllah sub theek hai. Bohat maza aya.,Low,3.5122891591348537,14
productive aur sukoon hai aaj.,Low,2.7928161626002517,21
productive. Happy life.,Low,2.637386026642173,26
aaj maza aya. Bohat maza aya.,Low,2.4706982271568823,17
motivated aur din acha guzra.,Low,0.8655082160724024,13
Alhamdulillah aur bohot khush hoon.,Low,0.666286254638289,9
aaj maza aya. Alhamdulillah sub set hai.,Low,3.8464700684079043,21
peaceful aur MashaAllah sub theek hai.,Low,3.670815436740621,18
great day aur MashaAllah sub theek hai.,Low,0.7416075008096108,5
aaj maza aya. Bohat maza aya.,Low,1.2676097994051982,18
productive aur din acha guzra.,Low,0.35255405103521253,9
happy. Happy life.,Low,2.6347283207130667,23
productive. Feeling good.,Low,0.24523799760019793,10
socially fulfilled aur sukoon hai aaj.,Low,3.1337445372102253,17
motivated aur kaam pura ho gaya.,Low,0.3444958360640591,23
aaj maza aya. Bohat maza aya.,Low,2.9690313344208423,9
din acha guzra. Sukoon mil raha hai.,Low,3.536198716502888,8
happy. Feeling good.,Low,3.2523571793358244,18
happy. Feeling good.,Low,1.331510710805882,5
Alhamdulillah aur zindagi khoobsurat hai.,Low,0.5418574486156649,21
Alhamdulillah aur kaam pura ho gaya.,Low,2.8440839971262117,18
peaceful. Feeling good.,Low,3.8701423307866563,18
sukoon hai aaj. Bohat maza aya.,Low,0.549251650339142,33
peaceful. Happy life.,Low,3.5686872255578246,5
studied well aur din acha guzra.,Low,0.21377490241226083,11
happy. Happy life.,Low,1.2289179576033393,8
MashaAllah sub theek hai. Bohat maza aya.,Low,1.325211866690276,27
zindagi khoobsurat hai. Bohat maza aya.,Low,3.368035068297545,12
good workout. Happy life.,Low,2.529913321989753,21
great day aur MashaAllah sub theek hai.,Low,3.1788817665575237,19
Alhamdulillah aur din acha guzra.,Low,2.371671911480195,34
zindagi khoobsurat hai. Alhamdulillah sub set hai.,Low,2.0483259678886,33
peaceful. So energetic!,Low,1.5169566896836577,19
zindagi khoobsurat hai. Sukoon mil raha hai.,Low,3.3636923124487654,7
bohot khush hoon. Sukoon mil raha hai.,Low,0.08062290225488722,30
productive. Feeling good.,Low,1.7131252974861724,27
good workout aur aaj maza aya.,Low,2.121485723868646,18
bohot khush hoon. Alhamdulillah sub set hai.,Low,2.5584891219345254,19
great day aur aaj maza aya.,Low,3.029649590224942,6
bohot khush hoon. Sukoon mil raha hai.,Low,3.065859541950922,9
bohot khush hoon. Bohat maza aya.,Low,1.4432669804979605,30
productive aur MashaAllah sub theek hai.,Low,0.9066917499200486,13
aaj maza aya. Alhamdulillah sub set hai.,Low,3.283074542024324,25
Alhamdulillah. Feeling good.,Low,1.0837404228376353,33
great day aur sukoon hai aaj.,Low,1.7751129895901507,25
socially fulfilled. Feeling good.,Low,3.337734728709832,31
motivated. So energetic!,Low,2.208654986219968,10
studied well aur din acha guzra.,Low,2.0272217029795,24
kaam pura ho gaya. Bohat maza aya.,Low,1.2524668286958196,31
sukoon hai aaj. Bohat maza aya.,Low,0.8176978324721245,13
great day. So energetic!,Low,1.9274230815354305,13
aaj maza aya. Alhamdulillah sub set hai.,Low,3.663301143268637,7
socially fulfilled aur sub kuxh theek hai.,Low,3.8808588541214917,28
din acha guzra. Alhamdulillah sub set hai.,Low,2.399425534043702,7
sukoon hai aaj. Alhamdulillah sub set hai.,Low,1.6680188988225266,18
productive aur bohot khush hoon.,Low,2.5454939027724732,35
happy aur bohot khush hoon.,Low,2.004763134766742,23
productive. So energetic!,Low,1.6222221333739486,13
happy. Feeling good.,Low,3.125239748779873,25
great day. Happy life.,Low,1.992218960719116,16
productive aur aaj maza aya.,Low,1.0235837981945037,22
motivated aur bohot khush hoon.,Low,0.6693962545890924,25
happy. Happy life.,Low,1.921961510721013,13
peaceful aur aaj maza aya.,Low,2.503211030174008,30
great day aur bohot khush hoon.,Low,2.0220127459791457,9
productive aur aaj maza aya.,Low,2.207484466971097,31
socially fulfilled. Happy life.,Low,1.579788054938541,7
peaceful aur din acha guzra.,Low,2.8145151656381855,18
peaceful. So energetic!,Low,2.629520556803063,30
studied well aur aaj maza aya.,Low,1.0238152640677374,22
sub kuxh theek hai. Sukoon mil raha hai.,Low,3.2080270855103636,15
studied well. Feeling good.,Low,2.788854773727049,10
Alhamdulillah aur din acha guzra.,Low,1.1224390747926654,24
peaceful. Happy life.,Low,3.2609170661379787,24
kaam pura ho gaya. Bohat maza aya.,Low,1.018777657387795,22
good workout aur sub kuxh theek hai.,Low,0.0498479362506008,13
Alhamdulillah aur aaj maza aya.,Low,2.5364663162327403,9
good workout. So energetic!,Low,2.872224047258222,33
studied well aur din acha guzra.,Low,3.382859079100519,22
sub kuxh theek hai. Sukoon mil raha hai.,Low,2.784981857016462,25
socially fulfilled aur zindagi khoobsurat hai.,Low,3.706685267542462,7
happy aur aaj maza aya.,Low,3.2227573889536405,7
Alhamdulillah. Feeling good.,Low,0.4911662228669531,32
happy. Feeling good.,Low,2.506818366146118,15
sukoon hai aaj. Bohat maza aya.,Low,3.1461587047534088,9
zindagi khoobsurat hai. Alhamdulillah sub set hai.,Low,3.7368925740800076,23
peaceful aur bohot khush hoon.,Low,3.001310073196965,33
sub kuxh theek hai. Sukoon mil raha hai.,Low,2.5824518017669207,9
kaam pura ho gaya. Sukoon mil raha hai.,Low,1.701334839037703,35
good workout. So energetic!,Low,1.7345483934130872,21
peaceful. So energetic!,Low,2.3529524246396787,14
peaceful. So energetic!,Low,2.110050641086189,28
Alhamdulillah. So energetic!,Low,1.4341887964076632,19
aaj maza aya. Bohat maza aya.,Low,3.898960300044234,30
socially fulfilled. Feeling good.,Low,1.506090569662184,8
productive aur bohot khush hoon.,Low,0.080396757341199,23
productive. Feeling good.,Low,3.1595219442001357,7
studied well aur sub kuxh theek hai.,Low,2.20168764853568,21
MashaAllah sub theek hai. Alhamdulillah sub set hai.,Low,3.159926000446492,11
happy aur MashaAllah sub theek hai.,Low,1.4923690424964473,31
motivated. Feeling good.,Low,1.6980167617403072,21
MashaAllah sub theek hai. Alhamdulillah sub set hai.,Low,2.6533377640192506,31
productive. Feeling good.,Low,2.7031188329103824,28
peaceful. Feeling good.,Low,3.3711603479432743,6
happy. Happy life.,Low,0.1307267959326932,24
productive. So energetic!,Low,2.942388534616375,5
socially fulfilled. Feeling good.,Low,1.0864354368787832,30
productive aur sukoon hai aaj.,Low,2.0856234158963147,6
zindagi khoobsurat hai. Bohat maza aya.,Low,3.5533224354068484,24
peaceful. So energetic!,Low,3.373036219696577,17
great day aur bohot khush hoon.,Low,3.991240542318654,34
productive. Feeling good.,Low,3.9423776845671865,27
peaceful aur sukoon hai aaj.,Low,0.3836994177466626,9
good workout aur aaj maza aya.,Low,0.23325508682846907,5
bohot khush hoon. Bohat maza aya.,Low,3.4431887296970913,18
great day aur sukoon hai aaj.,Low,0.2892248082292572,10
socially fulfilled. So energetic!,Low,3.5746353064778384,32
great day aur zindagi khoobsurat hai.,Low,0.6136291105847325,23
happy aur din acha guzra.,Low,3.092916873896334,31
studied well aur kaam pura ho gaya.,Low,3.419571572207781,28
happy. Feeling good.,Low,3.3109012856931015,16
peaceful aur MashaAllah sub theek hai.,Low,3.7334937160082022,11
great day aur kaam pura ho gaya.,Low,3.5783290139832458,12
motivated aur din acha guzra.,Low,0.678838263525281,5
good workout aur aaj maza aya.,Low,2.2550378531530124,21
Alhamdulillah. Happy life.,Low,2.49259915863931,13
studied well. So energetic!,Low,2.093381288759603,23
studied well aur din acha guzra.,Low,3.6008169403904775,13
bohot khush hoon. Sukoon mil raha hai.,Low,2.0246358667295175,15
aaj maza aya. Sukoon mil raha hai.,Low,1.8528983738547926,7
great day. Feeling good.,Low,0.11468870241252827,23
sukoon hai aaj. Alhamdulillah sub set hai.,Low,1.757237467875183,22
happy. So energetic!,Low,0.06321492890266578,5
peaceful aur bohot khush hoon.,Low,2.3141620204962288,28
good workout. Feeling good.,Low,1.2138592119197118,7
din acha guzra. Alhamdulillah sub set hai.,Low,3.834432971477914,34
studied well aur sub kuxh theek hai.,Low,3.6629087765836545,18
motivated aur bohot khush hoon.,Low,0.9336256329953465,12
kaam pura ho gaya. Alhamdulillah sub set hai.,Low,1.21050424051076,22
zindagi khoobsurat hai. Sukoon mil raha hai.,Low,0.03883210848954732,33
motivated. Feeling good.,Low,0.8814982559721813,27
socially fulfilled. Feeling good.,Low,1.3674471842708291,14
Alhamdulillah. So energetic!,Low,0.6847229471474106,14
peaceful aur bohot khush hoon.,Low,0.5997050084564663,33
din acha guzra. Alhamdulillah sub set hai.,Low,3.5750268938451706,29
great day aur bohot khush hoon.,Low,3.969663834847181,13
socially fulfilled aur bohot khush hoon.,Low,0.8047357666552806,9
motivated aur din acha guzra.,Low,0.746520872210823,12
good workout. So energetic!,Low,2.2796430367934186,13
good workout. Happy life.,Low,3.8558567142858005,25
Alhamdulillah. Feeling good.,Low,3.214796515305764,27
MashaAllah sub theek hai. Bohat maza aya.,Low,0.6186084017111222,35
studied well aur sukoon hai aaj.,Low,2.4998687926313394,30
great day. Feeling good.,Low,1.8801584349529143,8
zindagi khoobsurat hai. Bohat maza aya.,Low,3.4607449415503386,29
Alhamdulillah. So energetic!,Low,3.224803180433022,34
socially fulfilled. So energetic!,Low,1.075737453394653,20
motivated aur sub kuxh theek hai.,Low,3.773942926240919,21
good workout aur sukoon hai aaj.,Low,1.3140067561219761,32
din acha guzra. Sukoon mil raha hai.,Low,3.4655798955979313,17
socially fulfilled. So energetic!,Low,1.5469967168906233,9
great day aur zindagi khoobsurat hai.,Low,3.3845427537220316,6
great day aur bohot khush hoon.,Low,3.263909252705235,31
sukoon hai aaj. Sukoon mil raha hai.,Low,2.6239574071759795,21
good workout aur zindagi khoobsurat hai.,Low,0.8262617258712512,26
din acha guzra. Sukoon mil raha hai.,Low,3.5215287388623575,21
productive. So energetic!,Low,3.635011472704651,29
happy aur MashaAllah sub theek hai.,Low,1.08966507164437,13
din acha guzra. Sukoon mil raha hai.,Low,1.6575785969190013,28
great day. Happy life.,Low,1.245717645913444,18
good workout. Happy life.,Low,0.862064085460307,26
great day. Happy life.,Low,0.3324874196731433,28
socially fulfilled aur sukoon hai aaj.,Low,0.03704711659765003,12
socially fulfilled aur zindagi khoobsurat hai.,Low,1.869808602914139,18
din acha guzra. Alhamdulillah sub set hai.,Low,0.6625078552468686,33
productive aur zindagi khoobsurat hai.,Low,0.3275756301353483,30
great day. Feeling good.,Low,1.192009164236063,35
socially fulfilled. Happy life.,Low,3.890700150820707,28
great day aur din acha guzra.,Low,3.032322204688583,30
studied well. Feeling good.,Low,3.5758829497879754,19
kaam pura ho gaya. Sukoon mil raha hai.,Low,3.410762835309464,30
motivated. Feeling good.,Low,1.768437476870314,27
productive. Feeling good.,Low,1.771372247500763,10
productive. So energetic!,Low,1.6017878515148674,23
great day. So energetic!,Low,3.905505885623112,20
happy aur sub kuxh theek hai.,Low,1.9401380828997752,24
Alhamdulillah. So energetic!,Low,2.4852342366338274,21
Alhamdulillah aur sub kuxh theek hai.,Low,3.050578847306648,35
sub kuxh theek hai. Bohat maza aya.,Low,2.1224274100369,22
peaceful. So energetic!,Low,2.696951341269476,21
motivated. Feeling good.,Low,0.04841401468610096,14
studied well aur MashaAllah sub theek hai.,Low,3.1814601323525746,8
motivated. So energetic!,Low,3.323407231422483,10
studied well aur sukoon hai aaj.,Low,3.3648452474337325,32
happy aur MashaAllah sub theek hai.,Low,1.9016089147666113,32
productive. Feeling good.,Low,3.38495434861627,21
sub kuxh theek hai. Bohat maza aya.,Low,0.4692062707377582,29
studied well aur bohot khush hoon.,Low,0.04214342868375942,8
sukoon hai aaj. Alhamdulillah sub set hai.,Low,3.5054133254277753,8
productive. Feeling good.,Low,3.6835206647326366,6
motivated. Feeling good.,Low,1.435104152443138,16
MashaAllah sub theek hai. Alhamdulillah sub set hai.,Low,2.47964612183283,7
happy. Feeling good.,Low,3.135238792007318,33
productive aur bohot khush hoon.,Low,0.054751703257148066,22
Alhamdulillah. Feeling good.,Low,2.459495662379249,34
studied well aur bohot khush hoon.,Low,2.183549174468743,35
studied well. Happy life.,Low,0.5052831615326574,19
zindagi khoobsurat hai. Bohat maza aya.,Low,3.018727161445974,6
socially fulfilled. Feeling good.,Low,3.19894117825397,6
good workout. So energetic!,Low,0.007287088158692168,16
productive aur sukoon hai aaj.,Low,1.3082636893397073,19
great day. So energetic!,Low,1.5415249106953044,28
socially fulfilled aur zindagi khoobsurat hai.,Low,0.07133145900188254,27
bohot khush hoon. Sukoon mil raha hai.,Low,1.7356870501326584,26
peaceful aur sub kuxh theek hai.,Low,3.3086627523830283,7
peaceful. Happy life.,Low,0.8297526679687848,29
studied well aur zindagi khoobsurat hai.,Low,3.204807838512849,13
bohot khush hoon. Bohat maza aya.,Low,1.113170840565345,5
motivated aur bohot khush hoon.,Low,3.2530661688484814,34
sukoon hai aaj. Alhamdulillah sub set hai.,Low,0.9047368021269389,18
bohot khush hoon. Bohat maza aya.,Low,1.6679948604719117,11
productive. So energetic!,Low,2.0656325009033703,26
kaam pura ho gaya. Sukoon mil raha hai.,Low,0.08988034470192119,32
bohot khush hoon. Alhamdulillah sub set hai.,Low,0.12385980580992983,5
bohot khush hoon. Sukoon mil raha hai.,Low,1.6734623958553039,10
socially fulfilled aur bohot khush hoon.,Low,1.867133945068526,21
Alhamdulillah aur din acha guzra.,Low,0.4761571907646611,8
socially fulfilled aur MashaAllah sub theek hai.,Low,1.3928718375641411,22
happy aur sukoon hai aaj.,Low,2.105429861027504,34
bohot khush hoon. Alhamdulillah sub set hai.,Low,1.2416687318371573,34
kaam pura ho gaya. Bohat maza aya.,Low,0.7438532252529915,13
happy aur din acha guzra.,Low,1.0054959809200534,12
bohot khush hoon. Sukoon mil raha hai.,Low,2.1825584198130557,8
productive aur din acha guzra.,Low,3.56043966084023,31
peaceful aur zindagi khoobsurat hai.,Low,1.4152494997065208,17
happy aur bohot khush hoon.,Low,3.287938626969959,28
studied well. So energetic!,Low,1.9899666752635343,19
happy. Feeling good.,Low,1.0207729483296473,5
Alhamdulillah. Happy life.,Low,0.46785625872627046,31
socially fulfilled. So energetic!,Low,2.174538820906014,15
great day. So energetic!,Low,0.971595676412278,16
peaceful aur bohot khush hoon.,Low,2.641483532097349,12
motivated. Feeling good.,Low,2.7375597348748415,13
studied well aur aaj maza aya.,Low,1.6220783357230455,31
productive. So energetic!,Low,2.5789457811556207,30
great day. So energetic!,Low,1.2655355319829642,26
din acha guzra. Sukoon mil raha hai.,Low,0.17562201500471275,18
happy aur MashaAllah sub theek hai.,Low,0.1753515511531547,13
socially fulfilled aur MashaAllah sub theek hai.,Low,1.5208529601107434,19
Alhamdulillah. Happy life.,Low,3.6740183659918744,5
motivated. So energetic!,Low,0.13380382899635368,11
kaam pura ho gaya. Bohat maza aya.,Low,3.937993388353996,6
studied well aur din acha guzra.,Low,3.2376322507897717,25
motivated aur MashaAllah sub theek hai.,Low,0.12196599709989675,20
