trigger,suggestion
exam,Take 25-minute study sessions followed by 5-minute breaks (Pomodoro technique)
scrolling,Put your phone in another room for at least 1 hour and go for a short walk
phone,Limit phone use to 30 minutes after study time
future,Write down 3 things you are grateful for right now
family,Talk to one trusted family member about how you feel
pressure,Take 3 deep breaths and remind yourself that you are doing your best
anxious,Do 4-7-8 breathing exercise
hopeless,Remember small progress is still progress
stress,Take a 10-minute break drink water and stretch
regret,Focus on what you can control today
load shedding,Make a flexible study schedule that works during power cuts
comparison,Stop comparing yourself with others on social media
guilt,Be kind to yourself
motivation,Recall why you started studying
overwhelmed,Break big tasks into small parts
lonely,Talk to a friend or pray
tired,Take a short power nap of 15 minutes
fear,Write down your fears and one positive action
board exam,Revise one chapter daily
tuition,Balance tuition and self-study
prayer,Take 5 minutes for prayer or quiet reflection
distracted,Use a physical timer and put your phone in another room entirely.
social media,Delete distracting apps for a 24-hour dopamine reset.
university,Focus on one application task at a time to avoid feeling overwhelmed.
career,Map out your skills and identify one small step you can take today.
scared,Visualize a positive outcome and focus on your breathing for 2 minutes.
grades,Remind yourself that your worth is not defined by a single exam result.
sleep,Turn off all digital screens at least 45 minutes before you plan to sleep.
procrastination,Use the 5-second rule: count backwards from 5 and just start the task.
burnout,Take a complete day off from all academic and digital responsibilities.
competitive,Focus on your own progress rather than looking at what others are doing.
sad,Listen to an uplifting podcast or talk to a supportive friend immediately.
loneliness,Join a study group or visit a library to be around other productive people.
unprepared,Identify the highest priority topic and master it today to build confidence.
parents,Have an honest conversation about your stress levels with your guardians.
results,Plan a small reward for yourself regardless of what the final score is.
tiredness,Drink more water and ensure you are getting at least 7 hours of sleep.
foggy,Go outdoors for 10 minutes to reset your mental clarity and focus.
failure,Remember that every successful person has faced setbacks before winning.
toxic,Distance yourself from negative influences for the sake of your peace.
uncertainty,Focus on today's goals and let the future reveal itself step by step.
academic,Break your entire syllabus into tiny bite-sized daily chunks.
focus,Try listening to binary beats or lo-fi music for better concentration.
peace,Read one page of a book that inspires you or spend time in nature.
motivation,Write down your 'Why' and place it on your study desk for daily inspiration.
+entrance,Focus on solving past papers under timed conditions to build exam confidence.
+admission,Research the specific requirements of your target university to feel more in control.
+meditation,Practice mindfulness for 5 minutes daily to reduce baseline anxiety levels.
+yoga,Incorporate light yoga stretches to release physical tension from long study hours.
+revision,Create active recall flashcards to make your revision more engaging and effective.
+assignment,Finish the smallest part of the assignment first to build immediate momentum.
+deadline,Start working on tasks as soon as they are assigned to avoid last-minute stress.
+grades,Seek guidance from a teacher to identify specific areas for your improvement.
+friends,Plan a phone-free outing with friends to recharge your social energy properly.
+hobby,Spend 15 minutes on a creative hobby to balance your academic life.
+exercise,A quick 15-minute home workout can significantly boost your mood and focus.
+water,Keep a water bottle on your desk and stay hydrated for better brain function.
+diet,Avoid excessive caffeine and sugar to prevent energy crashes during studies.
+notes,Organize your study material neatly to reduce visual clutter and mental stress.
+routine,Establish a morning routine that makes you feel powerful and in control.
+evening,Unwind with a non-digital activity like reading or a warm shower at night.
+apps,Use website blockers on your laptop to stay focused during research study time.
+mentality,Adopt a growth mindset by seeing challenges as opportunities to learn.
+confidence,List your past 3 accomplishments to remind yourself of your capabilities.
+support,Don't hesitate to reach out to a professional counselor if stress feels heavy.
+grounding,Use the 5-4-3-2-1 technique to pull yourself into the present moment.
+discipline,Remember that discipline is choosing between what you want now and later.
+habits,Replace one negative digital habit with a positive offline habit each week.
+gratitude,End your day by writing down 3 wins, no matter how small they are.
+happiness,Spend time doing something that makes you smile without checking your phone.